/*
Navicat MySQL Data Transfer

Source Server         : 10.1.100.51
Source Server Version : 50726
Source Host           : 10.1.100.51:3306
Source Database       : flowable

Target Server Type    : MYSQL
Target Server Version : 50726
File Encoding         : 65001

Date: 2019-11-26 11:38:57
*/

SET FOREIGN_KEY_CHECKS=0;

-- ----------------------------
-- Table structure for act_de_databasechangelog
-- ----------------------------
DROP TABLE IF EXISTS `act_de_databasechangelog`;
CREATE TABLE `act_de_databasechangelog` (
  `ID` varchar(255) NOT NULL,
  `AUTHOR` varchar(255) NOT NULL,
  `FILENAME` varchar(255) NOT NULL,
  `DATEEXECUTED` datetime NOT NULL,
  `ORDEREXECUTED` int(11) NOT NULL,
  `EXECTYPE` varchar(10) NOT NULL,
  `MD5SUM` varchar(35) DEFAULT NULL,
  `DESCRIPTION` varchar(255) DEFAULT NULL,
  `COMMENTS` varchar(255) DEFAULT NULL,
  `TAG` varchar(255) DEFAULT NULL,
  `LIQUIBASE` varchar(20) DEFAULT NULL,
  `CONTEXTS` varchar(255) DEFAULT NULL,
  `LABELS` varchar(255) DEFAULT NULL,
  `DEPLOYMENT_ID` varchar(10) DEFAULT NULL
) ENGINE=InnoDB DEFAULT CHARSET=utf8;

-- ----------------------------
-- Records of act_de_databasechangelog
-- ----------------------------
INSERT INTO `act_de_databasechangelog` VALUES ('1', 'flowable', 'META-INF/liquibase/flowable-modeler-app-db-changelog.xml', '2019-11-13 14:04:42', '1', 'EXECUTED', '8:e70d1d9d3899a734296b2514ccc71501', 'createTable tableName=ACT_DE_MODEL; createIndex indexName=idx_proc_mod_created, tableName=ACT_DE_MODEL; createTable tableName=ACT_DE_MODEL_HISTORY; createIndex indexName=idx_proc_mod_history_proc, tableName=ACT_DE_MODEL_HISTORY; createTable tableN...', '', null, '3.8.0', null, null, '3625081950');
INSERT INTO `act_de_databasechangelog` VALUES ('3', 'flowable', 'META-INF/liquibase/flowable-modeler-app-db-changelog.xml', '2019-11-13 14:04:42', '2', 'EXECUTED', '8:3a9143bef2e45f2316231cc1369138b6', 'addColumn tableName=ACT_DE_MODEL; addColumn tableName=ACT_DE_MODEL_HISTORY', '', null, '3.8.0', null, null, '3625081950');

-- ----------------------------
-- Table structure for act_de_databasechangeloglock
-- ----------------------------
DROP TABLE IF EXISTS `act_de_databasechangeloglock`;
CREATE TABLE `act_de_databasechangeloglock` (
  `ID` int(11) NOT NULL,
  `LOCKED` bit(1) NOT NULL,
  `LOCKGRANTED` datetime DEFAULT NULL,
  `LOCKEDBY` varchar(255) DEFAULT NULL,
  PRIMARY KEY (`ID`)
) ENGINE=InnoDB DEFAULT CHARSET=utf8;

-- ----------------------------
-- Records of act_de_databasechangeloglock
-- ----------------------------
INSERT INTO `act_de_databasechangeloglock` VALUES ('1', '\0', null, null);

-- ----------------------------
-- Table structure for act_de_model
-- ----------------------------
DROP TABLE IF EXISTS `act_de_model`;
CREATE TABLE `act_de_model` (
  `id` varchar(255) NOT NULL,
  `name` varchar(400) NOT NULL,
  `model_key` varchar(400) NOT NULL,
  `description` varchar(4000) DEFAULT NULL,
  `model_comment` varchar(4000) DEFAULT NULL,
  `created` datetime(6) DEFAULT NULL,
  `created_by` varchar(255) DEFAULT NULL,
  `last_updated` datetime(6) DEFAULT NULL,
  `last_updated_by` varchar(255) DEFAULT NULL,
  `version` int(11) DEFAULT NULL,
  `model_editor_json` longtext,
  `thumbnail` longblob,
  `model_type` int(11) DEFAULT NULL,
  `tenant_id` varchar(255) DEFAULT NULL,
  PRIMARY KEY (`id`),
  KEY `idx_proc_mod_created` (`created_by`)
) ENGINE=InnoDB DEFAULT CHARSET=utf8;

-- ----------------------------
-- Records of act_de_model
-- ----------------------------
INSERT INTO `act_de_model` VALUES ('05d371bf-0f8d-11ea-988c-dc8b287b3603', '请假', 'leave', null, null, '2019-11-25 22:11:40.740000', '00000002', '2019-11-25 22:11:40.740000', '00000002', '1', '{\"bounds\":{\"lowerRight\":{\"x\":1485.0,\"y\":700.0},\"upperLeft\":{\"x\":0.0,\"y\":0.0}},\"resourceId\":\"canvas\",\"stencil\":{\"id\":\"BPMNDiagram\"},\"stencilset\":{\"namespace\":\"http://b3mn.org/stencilset/bpmn2.0#\",\"url\":\"../editor/stencilsets/bpmn2.0/bpmn2.0.json\"},\"properties\":{\"process_id\":\"leave\",\"name\":\"请假\",\"process_namespace\":\"http://www.activiti.org/test\",\"iseagerexecutionfetch\":false,\"messages\":[],\"executionlisteners\":{\"executionListeners\":[]},\"eventlisteners\":{\"eventListeners\":[]},\"signaldefinitions\":[],\"messagedefinitions\":[],\"escalationdefinitions\":[]},\"childShapes\":[{\"bounds\":{\"lowerRight\":{\"x\":115.0,\"y\":225.0},\"upperLeft\":{\"x\":80.0,\"y\":190.0}},\"resourceId\":\"startevent1\",\"childShapes\":[],\"stencil\":{\"id\":\"StartNoneEvent\"},\"properties\":{\"overrideid\":\"startevent1\",\"name\":\"Start\",\"interrupting\":true,\"executionlisteners\":{\"executionListeners\":[]}},\"outgoing\":[{\"resourceId\":\"flow1\"}]},{\"bounds\":{\"lowerRight\":{\"x\":955.0,\"y\":225.0},\"upperLeft\":{\"x\":920.0,\"y\":190.0}},\"resourceId\":\"endevent1\",\"childShapes\":[],\"stencil\":{\"id\":\"EndNoneEvent\"},\"properties\":{\"overrideid\":\"endevent1\",\"name\":\"End\",\"executionlisteners\":{\"executionListeners\":[]}},\"outgoing\":[]},{\"bounds\":{\"lowerRight\":{\"x\":305.0,\"y\":235.0},\"upperLeft\":{\"x\":200.0,\"y\":180.0}},\"resourceId\":\"usertask1\",\"childShapes\":[],\"stencil\":{\"id\":\"UserTask\"},\"properties\":{\"overrideid\":\"usertask1\",\"name\":\"提交人\",\"usertaskassignment\":{\"assignment\":{\"type\":\"static\",\"assignee\":\"00000001\"}},\"asynchronousdefinition\":false,\"exclusivedefinition\":true,\"isforcompensation\":false,\"tasklisteners\":{\"taskListeners\":[]},\"executionlisteners\":{\"executionListeners\":[]}},\"outgoing\":[{\"resourceId\":\"flow2\"}]},{\"bounds\":{\"lowerRight\":{\"x\":645.0,\"y\":235.0},\"upperLeft\":{\"x\":540.0,\"y\":180.0}},\"resourceId\":\"usertask3\",\"childShapes\":[],\"stencil\":{\"id\":\"UserTask\"},\"properties\":{\"overrideid\":\"usertask3\",\"name\":\"李四\",\"usertaskassignment\":{\"assignment\":{\"type\":\"static\",\"assignee\":\"00000003\"}},\"asynchronousdefinition\":false,\"exclusivedefinition\":true,\"isforcompensation\":false,\"tasklisteners\":{\"taskListeners\":[]},\"executionlisteners\":{\"executionListeners\":[]}},\"outgoing\":[{\"resourceId\":\"flow4\"}]},{\"bounds\":{\"lowerRight\":{\"x\":825.0,\"y\":235.0},\"upperLeft\":{\"x\":720.0,\"y\":180.0}},\"resourceId\":\"usertask4\",\"childShapes\":[],\"stencil\":{\"id\":\"UserTask\"},\"properties\":{\"overrideid\":\"usertask4\",\"name\":\"王五\",\"usertaskassignment\":{\"assignment\":{\"type\":\"static\",\"assignee\":\"00000004\"}},\"asynchronousdefinition\":false,\"exclusivedefinition\":true,\"isforcompensation\":false,\"tasklisteners\":{\"taskListeners\":[]},\"executionlisteners\":{\"executionListeners\":[]}},\"outgoing\":[{\"resourceId\":\"flow5\"}]},{\"bounds\":{\"lowerRight\":{\"x\":475.0,\"y\":235.0},\"upperLeft\":{\"x\":370.0,\"y\":180.0}},\"resourceId\":\"usertask6\",\"childShapes\":[],\"stencil\":{\"id\":\"UserTask\"},\"properties\":{\"overrideid\":\"usertask6\",\"name\":\"张三\",\"usertaskassignment\":{\"assignment\":{\"type\":\"static\",\"assignee\":\"00000002\"}},\"asynchronousdefinition\":false,\"exclusivedefinition\":true,\"isforcompensation\":false,\"tasklisteners\":{\"taskListeners\":[]},\"executionlisteners\":{\"executionListeners\":[]}},\"outgoing\":[{\"resourceId\":\"flow3\"}]},{\"bounds\":{\"lowerRight\":{\"x\":172.0,\"y\":212.0},\"upperLeft\":{\"x\":128.0,\"y\":212.0}},\"resourceId\":\"flow1\",\"childShapes\":[],\"stencil\":{\"id\":\"SequenceFlow\"},\"dockers\":[{\"x\":17.5,\"y\":17.5},{\"x\":52.5,\"y\":27.5}],\"outgoing\":[{\"resourceId\":\"usertask1\"}],\"target\":{\"resourceId\":\"usertask1\"},\"properties\":{\"overrideid\":\"flow1\"}},{\"bounds\":{\"lowerRight\":{\"x\":172.0,\"y\":212.0},\"upperLeft\":{\"x\":128.0,\"y\":212.0}},\"resourceId\":\"flow2\",\"childShapes\":[],\"stencil\":{\"id\":\"SequenceFlow\"},\"dockers\":[{\"x\":52.5,\"y\":27.5},{\"x\":52.5,\"y\":27.5}],\"outgoing\":[{\"resourceId\":\"usertask6\"}],\"target\":{\"resourceId\":\"usertask6\"},\"properties\":{\"overrideid\":\"flow2\"}},{\"bounds\":{\"lowerRight\":{\"x\":172.0,\"y\":212.0},\"upperLeft\":{\"x\":128.0,\"y\":212.0}},\"resourceId\":\"flow3\",\"childShapes\":[],\"stencil\":{\"id\":\"SequenceFlow\"},\"dockers\":[{\"x\":52.5,\"y\":27.5},{\"x\":52.5,\"y\":27.5}],\"outgoing\":[{\"resourceId\":\"usertask3\"}],\"target\":{\"resourceId\":\"usertask3\"},\"properties\":{\"overrideid\":\"flow3\"}},{\"bounds\":{\"lowerRight\":{\"x\":172.0,\"y\":212.0},\"upperLeft\":{\"x\":128.0,\"y\":212.0}},\"resourceId\":\"flow4\",\"childShapes\":[],\"stencil\":{\"id\":\"SequenceFlow\"},\"dockers\":[{\"x\":52.5,\"y\":27.5},{\"x\":52.5,\"y\":27.5}],\"outgoing\":[{\"resourceId\":\"usertask4\"}],\"target\":{\"resourceId\":\"usertask4\"},\"properties\":{\"overrideid\":\"flow4\"}},{\"bounds\":{\"lowerRight\":{\"x\":172.0,\"y\":212.0},\"upperLeft\":{\"x\":128.0,\"y\":212.0}},\"resourceId\":\"flow5\",\"childShapes\":[],\"stencil\":{\"id\":\"SequenceFlow\"},\"dockers\":[{\"x\":52.5,\"y\":27.5},{\"x\":17.5,\"y\":17.5}],\"outgoing\":[{\"resourceId\":\"endevent1\"}],\"target\":{\"resourceId\":\"endevent1\"},\"properties\":{\"overrideid\":\"flow5\"}}]}', 0x89504E470D0A1A0A0000000D4948445200000122000000200806000000B6017509000004274944415478DAED9CBF4B5B5114C71D1C3B74E81FD0A143878E1D3A3A7610BA34A8315163420C52C1451C1A44EB2648C1044230B44311AA0E9D6A85FC40630541104B05694B840A41A20D5623A62191DB73425E694B627EDEF7DAFBBE1FB8BCC190E3D7AFF9BE7BCE7B2F6D6D0000000000000000000000000000A80D2144FBC1C1C1F2D6D6D655341A15E17058FA8A4422221E8F7FA365832E7865368DA00C6CFAC6C686383E3E16B95C4EB775727222D6D7D7CFE89FE0317499DB2BB3690465E0338F667AE634293EBC1D2B1E75323F4767A47D99BAF4D6245397AA5EA9EE5B23747777DFEEEAEA7A42C7C99E9E9E518BC572A7E5450606066E5AADD6A0DD6E3FA642C266B39DF5F7F7BFA08277F516CCDB5FCD88BDF064D17C3EEA653E199F97A9CB084DB274A9EA95EABED50B05D073CA853C67C35FEB5DCB3282DF8802E83C140A6592C9A460F80CB0B8B89873381C174EA773484FD1DC236B267CD9F417CDE7A38EC60B99BA8CD0244B97AA5EA9EE5B9D3BA1571C3ABDBDBD626666462C2F2F0BBFDF2F868686AE4A6194A7A0EA6CAA484747473BBDE111F7C0E548A7D3C2E3F15CD22F316844107DDEF415CDE7A32A416484263D824825AF54F7AD8E4D8A8DC38632402412893FB2219BCD8AB9B9396D67946FAA559B9E9E7E3A35355510D7C06144ADDBB9949EF01AE3D9F4BFD7FF1E444669921D44AA79A5BA6F758C6C921C34DBDBDB15F3410B230AAD70C385262626126B6B6BA21A0B0B0BA7542CA0F78EC888257B47A4922E55BD329BC60A2DD97D0E98B1B131512854DEABF0CEC8E572E54A61D4D8BCC8ED76E7791E540D7E0D15494B16BECF1379958CD734510F7D4F455D4B4B4B4A7E4855F5AD1EEDB49E71B80483C1AAF9E0F3F90AA5201A6DB4A8A89532137329EB5F315E455DB23C53CD2BB3F856CBE2E17435F835A5D74F3614444EA733CB33A06AA452A9333A3B9CA235832EB466A669CD3C1C2E8140A06A3ECCCECE9E36B5231A191979BFB2B252B5D0FCFCFC0E157A8920822E0491B966447CC58CE74095383C3CE4FB0E734D5D39A35DCE03DE155D37278AC56269ABD59AA2B4BB8520822E04913982886FEDA1CFFC1E8711DF3F542E8C76777785DBED2E0EAAF9A6C7A60ADAED76EFE0E0E0E5EAEAAAD0DA340E26BE9AE6F57A33F4F34F3CB433E23E22041182084164DCE57BDEA850185D683B236ED3781E140A85C4F8F8F8AF3912BDEE0D07574B0A52A1A8C3E1C8F01BF7F5F5FD181E1EDEE11B195B52A00E7E7F6CC0809595FD88874ABA54F5CA6C1AAB650365C2C70AC3EC230A2A97DE19A10BF178FC48EF279DB5954C265FCB7AC850455DAA7A65368DB5B469A59991477BE895D6438BC572A34D5562B1D8236A0BBFA752A94B3DCF3C6C7A2412F92AEB6B1754D4A5AA5766D3082A407FFC4E3A136CF3B6548F2FA22AD5D9976DBA8ABA54F5CA6C1A010000000000000000000000000000000000000000000000004CC34F7510EA49D51032A60000000049454E44AE426082, '0', null);
INSERT INTO `act_de_model` VALUES ('aa75e5f0-0f8d-11ea-988c-dc8b287b3603', '请假', 'qingjia', null, null, '2019-11-25 22:14:23.551000', '00000002', '2019-11-25 22:14:23.551000', '00000002', '1', '{\"bounds\":{\"lowerRight\":{\"x\":1485.0,\"y\":700.0},\"upperLeft\":{\"x\":0.0,\"y\":0.0}},\"resourceId\":\"canvas\",\"stencil\":{\"id\":\"BPMNDiagram\"},\"stencilset\":{\"namespace\":\"http://b3mn.org/stencilset/bpmn2.0#\",\"url\":\"../editor/stencilsets/bpmn2.0/bpmn2.0.json\"},\"properties\":{\"process_id\":\"qingjia\",\"name\":\"请假\",\"process_namespace\":\"http://www.activiti.org/test\",\"iseagerexecutionfetch\":false,\"messages\":[],\"executionlisteners\":{\"executionListeners\":[]},\"eventlisteners\":{\"eventListeners\":[]},\"signaldefinitions\":[],\"messagedefinitions\":[],\"escalationdefinitions\":[]},\"childShapes\":[{\"bounds\":{\"lowerRight\":{\"x\":115.0,\"y\":225.0},\"upperLeft\":{\"x\":80.0,\"y\":190.0}},\"resourceId\":\"startevent1\",\"childShapes\":[],\"stencil\":{\"id\":\"StartNoneEvent\"},\"properties\":{\"overrideid\":\"startevent1\",\"name\":\"Start\",\"interrupting\":true,\"executionlisteners\":{\"executionListeners\":[]}},\"outgoing\":[{\"resourceId\":\"flow1\"}]},{\"bounds\":{\"lowerRight\":{\"x\":955.0,\"y\":225.0},\"upperLeft\":{\"x\":920.0,\"y\":190.0}},\"resourceId\":\"endevent1\",\"childShapes\":[],\"stencil\":{\"id\":\"EndNoneEvent\"},\"properties\":{\"overrideid\":\"endevent1\",\"name\":\"End\",\"executionlisteners\":{\"executionListeners\":[]}},\"outgoing\":[]},{\"bounds\":{\"lowerRight\":{\"x\":305.0,\"y\":235.0},\"upperLeft\":{\"x\":200.0,\"y\":180.0}},\"resourceId\":\"usertask1\",\"childShapes\":[],\"stencil\":{\"id\":\"UserTask\"},\"properties\":{\"overrideid\":\"usertask1\",\"name\":\"提交人\",\"usertaskassignment\":{\"assignment\":{\"type\":\"static\",\"assignee\":\"00000001\"}},\"asynchronousdefinition\":false,\"exclusivedefinition\":true,\"isforcompensation\":false,\"tasklisteners\":{\"taskListeners\":[]},\"executionlisteners\":{\"executionListeners\":[]}},\"outgoing\":[{\"resourceId\":\"flow2\"}]},{\"bounds\":{\"lowerRight\":{\"x\":645.0,\"y\":235.0},\"upperLeft\":{\"x\":540.0,\"y\":180.0}},\"resourceId\":\"usertask3\",\"childShapes\":[],\"stencil\":{\"id\":\"UserTask\"},\"properties\":{\"overrideid\":\"usertask3\",\"name\":\"李四\",\"usertaskassignment\":{\"assignment\":{\"type\":\"static\",\"assignee\":\"00000003\"}},\"asynchronousdefinition\":false,\"exclusivedefinition\":true,\"isforcompensation\":false,\"tasklisteners\":{\"taskListeners\":[]},\"executionlisteners\":{\"executionListeners\":[]}},\"outgoing\":[{\"resourceId\":\"flow4\"}]},{\"bounds\":{\"lowerRight\":{\"x\":825.0,\"y\":235.0},\"upperLeft\":{\"x\":720.0,\"y\":180.0}},\"resourceId\":\"usertask4\",\"childShapes\":[],\"stencil\":{\"id\":\"UserTask\"},\"properties\":{\"overrideid\":\"usertask4\",\"name\":\"王五\",\"usertaskassignment\":{\"assignment\":{\"type\":\"static\",\"assignee\":\"00000004\"}},\"asynchronousdefinition\":false,\"exclusivedefinition\":true,\"isforcompensation\":false,\"tasklisteners\":{\"taskListeners\":[]},\"executionlisteners\":{\"executionListeners\":[]}},\"outgoing\":[{\"resourceId\":\"flow5\"}]},{\"bounds\":{\"lowerRight\":{\"x\":475.0,\"y\":235.0},\"upperLeft\":{\"x\":370.0,\"y\":180.0}},\"resourceId\":\"usertask6\",\"childShapes\":[],\"stencil\":{\"id\":\"UserTask\"},\"properties\":{\"overrideid\":\"usertask6\",\"name\":\"张三\",\"usertaskassignment\":{\"assignment\":{\"type\":\"static\",\"assignee\":\"00000002\"}},\"asynchronousdefinition\":false,\"exclusivedefinition\":true,\"isforcompensation\":false,\"tasklisteners\":{\"taskListeners\":[]},\"executionlisteners\":{\"executionListeners\":[]}},\"outgoing\":[{\"resourceId\":\"flow3\"}]},{\"bounds\":{\"lowerRight\":{\"x\":172.0,\"y\":212.0},\"upperLeft\":{\"x\":128.0,\"y\":212.0}},\"resourceId\":\"flow1\",\"childShapes\":[],\"stencil\":{\"id\":\"SequenceFlow\"},\"dockers\":[{\"x\":17.5,\"y\":17.5},{\"x\":52.5,\"y\":27.5}],\"outgoing\":[{\"resourceId\":\"usertask1\"}],\"target\":{\"resourceId\":\"usertask1\"},\"properties\":{\"overrideid\":\"flow1\"}},{\"bounds\":{\"lowerRight\":{\"x\":172.0,\"y\":212.0},\"upperLeft\":{\"x\":128.0,\"y\":212.0}},\"resourceId\":\"flow2\",\"childShapes\":[],\"stencil\":{\"id\":\"SequenceFlow\"},\"dockers\":[{\"x\":52.5,\"y\":27.5},{\"x\":52.5,\"y\":27.5}],\"outgoing\":[{\"resourceId\":\"usertask6\"}],\"target\":{\"resourceId\":\"usertask6\"},\"properties\":{\"overrideid\":\"flow2\"}},{\"bounds\":{\"lowerRight\":{\"x\":172.0,\"y\":212.0},\"upperLeft\":{\"x\":128.0,\"y\":212.0}},\"resourceId\":\"flow3\",\"childShapes\":[],\"stencil\":{\"id\":\"SequenceFlow\"},\"dockers\":[{\"x\":52.5,\"y\":27.5},{\"x\":52.5,\"y\":27.5}],\"outgoing\":[{\"resourceId\":\"usertask3\"}],\"target\":{\"resourceId\":\"usertask3\"},\"properties\":{\"overrideid\":\"flow3\"}},{\"bounds\":{\"lowerRight\":{\"x\":172.0,\"y\":212.0},\"upperLeft\":{\"x\":128.0,\"y\":212.0}},\"resourceId\":\"flow4\",\"childShapes\":[],\"stencil\":{\"id\":\"SequenceFlow\"},\"dockers\":[{\"x\":52.5,\"y\":27.5},{\"x\":52.5,\"y\":27.5}],\"outgoing\":[{\"resourceId\":\"usertask4\"}],\"target\":{\"resourceId\":\"usertask4\"},\"properties\":{\"overrideid\":\"flow4\"}},{\"bounds\":{\"lowerRight\":{\"x\":172.0,\"y\":212.0},\"upperLeft\":{\"x\":128.0,\"y\":212.0}},\"resourceId\":\"flow5\",\"childShapes\":[],\"stencil\":{\"id\":\"SequenceFlow\"},\"dockers\":[{\"x\":52.5,\"y\":27.5},{\"x\":17.5,\"y\":17.5}],\"outgoing\":[{\"resourceId\":\"endevent1\"}],\"target\":{\"resourceId\":\"endevent1\"},\"properties\":{\"overrideid\":\"flow5\"}}]}', 0x89504E470D0A1A0A0000000D4948445200000122000000200806000000B6017509000004274944415478DAED9CBF4B5B5114C71D1C3B74E81FD0A143878E1D3A3A7610BA34A8315163420C52C1451C1A44EB2648C1044230B44311AA0E9D6A85FC40630541104B05694B840A41A20D5623A62191DB73425E694B627EDEF7DAFBBE1FB8BCC190E3D7AFF9BE7BCE7B2F6D6D0000000000000000000000000000A80D2144FBC1C1C1F2D6D6D655341A15E17058FA8A4422221E8F7FA365832E7865368DA00C6CFAC6C686383E3E16B95C4EB775727222D6D7D7CFE89FE0317499DB2BB3690465E0338F667AE634293EBC1D2B1E75323F4767A47D99BAF4D6245397AA5EA9EE5B23747777DFEEEAEA7A42C7C99E9E9E518BC572A7E5450606066E5AADD6A0DD6E3FA642C266B39DF5F7F7BFA08277F516CCDB5FCD88BDF064D17C3EEA653E199F97A9CB084DB274A9EA95EABED50B05D073CA853C67C35FEB5DCB3282DF8802E83C140A6592C9A460F80CB0B8B89873381C174EA773484FD1DC236B267CD9F417CDE7A38EC60B99BA8CD0244B97AA5EA9EE5B9D3BA1571C3ABDBDBD626666462C2F2F0BBFDF2F868686AE4A6194A7A0EA6CAA484747473BBDE111F7C0E548A7D3C2E3F15CD22F316844107DDEF415CDE7A32A416484263D824825AF54F7AD8E4D8A8DC38632402412893FB2219BCD8AB9B9396D67946FAA559B9E9E7E3A35355510D7C06144ADDBB9949EF01AE3D9F4BFD7FF1E444669921D44AA79A5BA6F758C6C921C34DBDBDB15F3410B230AAD70C385262626126B6B6BA21A0B0B0BA7542CA0F78EC888257B47A4922E55BD329BC60A2DD97D0E98B1B131512854DEABF0CEC8E572E54A61D4D8BCC8ED76E7791E540D7E0D15494B16BECF1379958CD734510F7D4F455D4B4B4B4A7E4855F5AD1EEDB49E71B80483C1AAF9E0F3F90AA5201A6DB4A8A89532137329EB5F315E455DB23C53CD2BB3F856CBE2E17435F835A5D74F3614444EA733CB33A06AA452A9333A3B9CA235832EB466A669CD3C1C2E8140A06A3ECCCECE9E36B5231A191979BFB2B252B5D0FCFCFC0E157A8920822E0491B966447CC58CE74095383C3CE4FB0E734D5D39A35DCE03DE155D37278AC56269ABD59AA2B4BB8520822E04913982886FEDA1CFFC1E8711DF3F542E8C76777785DBED2E0EAAF9A6C7A60ADAED76EFE0E0E0E5EAEAAAD0DA340E26BE9AE6F57A33F4F34F3CB433E23E22041182084164DCE57BDEA850185D683B236ED3781E140A85C4F8F8F8AF3912BDEE0D07574B0A52A1A8C3E1C8F01BF7F5F5FD181E1EDEE11B195B52A00E7E7F6CC0809595FD88874ABA54F5CA6C1AAB650365C2C70AC3EC230A2A97DE19A10BF178FC48EF279DB5954C265FCB7AC850455DAA7A65368DB5B469A59991477BE895D6438BC572A34D5562B1D8236A0BBFA752A94B3DCF3C6C7A2412F92AEB6B1754D4A5AA5766D3082A407FFC4E3A136CF3B6548F2FA22AD5D9976DBA8ABA54F5CA6C1A010000000000000000000000000000000000000000000000004CC34F7510EA49D51032A60000000049454E44AE426082, '0', null);

-- ----------------------------
-- Table structure for act_de_model_history
-- ----------------------------
DROP TABLE IF EXISTS `act_de_model_history`;
CREATE TABLE `act_de_model_history` (
  `id` varchar(255) NOT NULL,
  `name` varchar(400) NOT NULL,
  `model_key` varchar(400) NOT NULL,
  `description` varchar(4000) DEFAULT NULL,
  `model_comment` varchar(4000) DEFAULT NULL,
  `created` datetime(6) DEFAULT NULL,
  `created_by` varchar(255) DEFAULT NULL,
  `last_updated` datetime(6) DEFAULT NULL,
  `last_updated_by` varchar(255) DEFAULT NULL,
  `removal_date` datetime(6) DEFAULT NULL,
  `version` int(11) DEFAULT NULL,
  `model_editor_json` longtext,
  `model_id` varchar(255) NOT NULL,
  `model_type` int(11) DEFAULT NULL,
  `tenant_id` varchar(255) DEFAULT NULL,
  PRIMARY KEY (`id`),
  KEY `idx_proc_mod_history_proc` (`model_id`)
) ENGINE=InnoDB DEFAULT CHARSET=utf8;

-- ----------------------------
-- Records of act_de_model_history
-- ----------------------------

-- ----------------------------
-- Table structure for act_de_model_relation
-- ----------------------------
DROP TABLE IF EXISTS `act_de_model_relation`;
CREATE TABLE `act_de_model_relation` (
  `id` varchar(255) NOT NULL,
  `parent_model_id` varchar(255) DEFAULT NULL,
  `model_id` varchar(255) DEFAULT NULL,
  `relation_type` varchar(255) DEFAULT NULL,
  PRIMARY KEY (`id`),
  KEY `fk_relation_parent` (`parent_model_id`),
  KEY `fk_relation_child` (`model_id`),
  CONSTRAINT `fk_relation_child` FOREIGN KEY (`model_id`) REFERENCES `act_de_model` (`id`),
  CONSTRAINT `fk_relation_parent` FOREIGN KEY (`parent_model_id`) REFERENCES `act_de_model` (`id`)
) ENGINE=InnoDB DEFAULT CHARSET=utf8;

-- ----------------------------
-- Records of act_de_model_relation
-- ----------------------------

-- ----------------------------
-- Table structure for act_evt_log
-- ----------------------------
DROP TABLE IF EXISTS `act_evt_log`;
CREATE TABLE `act_evt_log` (
  `LOG_NR_` bigint(20) NOT NULL AUTO_INCREMENT,
  `TYPE_` varchar(64) COLLATE utf8_bin DEFAULT NULL,
  `PROC_DEF_ID_` varchar(64) COLLATE utf8_bin DEFAULT NULL,
  `PROC_INST_ID_` varchar(64) COLLATE utf8_bin DEFAULT NULL,
  `EXECUTION_ID_` varchar(64) COLLATE utf8_bin DEFAULT NULL,
  `TASK_ID_` varchar(64) COLLATE utf8_bin DEFAULT NULL,
  `TIME_STAMP_` timestamp(3) NOT NULL DEFAULT CURRENT_TIMESTAMP(3) ON UPDATE CURRENT_TIMESTAMP(3),
  `USER_ID_` varchar(255) COLLATE utf8_bin DEFAULT NULL,
  `DATA_` longblob,
  `LOCK_OWNER_` varchar(255) COLLATE utf8_bin DEFAULT NULL,
  `LOCK_TIME_` timestamp(3) NULL DEFAULT NULL,
  `IS_PROCESSED_` tinyint(4) DEFAULT '0',
  PRIMARY KEY (`LOG_NR_`)
) ENGINE=InnoDB DEFAULT CHARSET=utf8 COLLATE=utf8_bin;

-- ----------------------------
-- Records of act_evt_log
-- ----------------------------

-- ----------------------------
-- Table structure for act_ge_bytearray
-- ----------------------------
DROP TABLE IF EXISTS `act_ge_bytearray`;
CREATE TABLE `act_ge_bytearray` (
  `ID_` varchar(64) COLLATE utf8_bin NOT NULL,
  `REV_` int(11) DEFAULT NULL,
  `NAME_` varchar(255) COLLATE utf8_bin DEFAULT NULL,
  `DEPLOYMENT_ID_` varchar(64) COLLATE utf8_bin DEFAULT NULL,
  `BYTES_` longblob,
  `GENERATED_` tinyint(4) DEFAULT NULL,
  PRIMARY KEY (`ID_`),
  KEY `ACT_FK_BYTEARR_DEPL` (`DEPLOYMENT_ID_`),
  CONSTRAINT `ACT_FK_BYTEARR_DEPL` FOREIGN KEY (`DEPLOYMENT_ID_`) REFERENCES `act_re_deployment` (`ID_`)
) ENGINE=InnoDB DEFAULT CHARSET=utf8 COLLATE=utf8_bin;

-- ----------------------------
-- Records of act_ge_bytearray
-- ----------------------------
INSERT INTO `act_ge_bytearray` VALUES ('06179a3c0ac011eabd62dc8b287b3603', '1', 'qingjia.bpmn', '0617732b0ac011eabd62dc8b287b3603', 0x3C3F786D6C2076657273696F6E3D22312E302220656E636F64696E673D225554462D38223F3E0A3C646566696E6974696F6E7320786D6C6E733D22687474703A2F2F7777772E6F6D672E6F72672F737065632F42504D4E2F32303130303532342F4D4F44454C2220786D6C6E733A7873693D22687474703A2F2F7777772E77332E6F72672F323030312F584D4C536368656D612D696E7374616E63652220786D6C6E733A7873643D22687474703A2F2F7777772E77332E6F72672F323030312F584D4C536368656D612220786D6C6E733A666C6F7761626C653D22687474703A2F2F666C6F7761626C652E6F72672F62706D6E2220786D6C6E733A62706D6E64693D22687474703A2F2F7777772E6F6D672E6F72672F737065632F42504D4E2F32303130303532342F44492220786D6C6E733A6F6D6764633D22687474703A2F2F7777772E6F6D672E6F72672F737065632F44442F32303130303532342F44432220786D6C6E733A6F6D6764693D22687474703A2F2F7777772E6F6D672E6F72672F737065632F44442F32303130303532342F44492220747970654C616E67756167653D22687474703A2F2F7777772E77332E6F72672F323030312F584D4C536368656D61222065787072657373696F6E4C616E67756167653D22687474703A2F2F7777772E77332E6F72672F313939392F585061746822207461726765744E616D6573706163653D22687474703A2F2F7777772E61637469766974692E6F72672F74657374223E0A20203C70726F636573732069643D2271696E676A696122206E616D653D22E8AFB7E581872220697345786563757461626C653D2274727565223E0A202020203C73746172744576656E742069643D2273746172746576656E743122206E616D653D225374617274223E3C2F73746172744576656E743E0A202020203C656E644576656E742069643D22656E646576656E743122206E616D653D22456E64223E3C2F656E644576656E743E0A202020203C757365725461736B2069643D22757365727461736B3122206E616D653D22E68F90E4BAA4E4BABA2220666C6F7761626C653A61737369676E65653D223030303030303031223E0A2020202020203C657874656E73696F6E456C656D656E74733E0A20202020202020203C6D6F64656C65723A696E69746961746F722D63616E2D636F6D706C65746520786D6C6E733A6D6F64656C65723D22687474703A2F2F666C6F7761626C652E6F72672F6D6F64656C6572223E3C215B43444154415B66616C73655D5D3E3C2F6D6F64656C65723A696E69746961746F722D63616E2D636F6D706C6574653E0A2020202020203C2F657874656E73696F6E456C656D656E74733E0A202020203C2F757365725461736B3E0A202020203C757365725461736B2069643D22757365727461736B3322206E616D653D22E69D8EE59B9B2220666C6F7761626C653A61737369676E65653D223030303030303033223E0A2020202020203C657874656E73696F6E456C656D656E74733E0A20202020202020203C6D6F64656C65723A696E69746961746F722D63616E2D636F6D706C65746520786D6C6E733A6D6F64656C65723D22687474703A2F2F666C6F7761626C652E6F72672F6D6F64656C6572223E3C215B43444154415B66616C73655D5D3E3C2F6D6F64656C65723A696E69746961746F722D63616E2D636F6D706C6574653E0A2020202020203C2F657874656E73696F6E456C656D656E74733E0A202020203C2F757365725461736B3E0A202020203C757365725461736B2069643D22757365727461736B3422206E616D653D22E78E8BE4BA942220666C6F7761626C653A61737369676E65653D223030303030303034223E0A2020202020203C657874656E73696F6E456C656D656E74733E0A20202020202020203C6D6F64656C65723A696E69746961746F722D63616E2D636F6D706C65746520786D6C6E733A6D6F64656C65723D22687474703A2F2F666C6F7761626C652E6F72672F6D6F64656C6572223E3C215B43444154415B66616C73655D5D3E3C2F6D6F64656C65723A696E69746961746F722D63616E2D636F6D706C6574653E0A2020202020203C2F657874656E73696F6E456C656D656E74733E0A202020203C2F757365725461736B3E0A202020203C757365725461736B2069643D22757365727461736B3622206E616D653D22E5BCA0E4B8892220666C6F7761626C653A61737369676E65653D223030303030303032223E0A2020202020203C657874656E73696F6E456C656D656E74733E0A20202020202020203C6D6F64656C65723A696E69746961746F722D63616E2D636F6D706C65746520786D6C6E733A6D6F64656C65723D22687474703A2F2F666C6F7761626C652E6F72672F6D6F64656C6572223E3C215B43444154415B66616C73655D5D3E3C2F6D6F64656C65723A696E69746961746F722D63616E2D636F6D706C6574653E0A2020202020203C2F657874656E73696F6E456C656D656E74733E0A202020203C2F757365725461736B3E0A202020203C73657175656E6365466C6F772069643D22666C6F77312220736F757263655265663D2273746172746576656E743122207461726765745265663D22757365727461736B31223E3C2F73657175656E6365466C6F773E0A202020203C73657175656E6365466C6F772069643D22666C6F77322220736F757263655265663D22757365727461736B3122207461726765745265663D22757365727461736B36223E3C2F73657175656E6365466C6F773E0A202020203C73657175656E6365466C6F772069643D22666C6F77332220736F757263655265663D22757365727461736B3622207461726765745265663D22757365727461736B33223E3C2F73657175656E6365466C6F773E0A202020203C73657175656E6365466C6F772069643D22666C6F77342220736F757263655265663D22757365727461736B3322207461726765745265663D22757365727461736B34223E3C2F73657175656E6365466C6F773E0A202020203C73657175656E6365466C6F772069643D22666C6F77352220736F757263655265663D22757365727461736B3422207461726765745265663D22656E646576656E7431223E3C2F73657175656E6365466C6F773E0A20203C2F70726F636573733E0A20203C62706D6E64693A42504D4E4469616772616D2069643D2242504D4E4469616772616D5F71696E676A6961223E0A202020203C62706D6E64693A42504D4E506C616E652062706D6E456C656D656E743D2271696E676A6961222069643D2242504D4E506C616E655F71696E676A6961223E0A2020202020203C62706D6E64693A42504D4E53686170652062706D6E456C656D656E743D2273746172746576656E7431222069643D2242504D4E53686170655F73746172746576656E7431223E0A20202020202020203C6F6D6764633A426F756E6473206865696768743D2233352E30222077696474683D2233352E302220783D2238302E302220793D223139302E30223E3C2F6F6D6764633A426F756E64733E0A2020202020203C2F62706D6E64693A42504D4E53686170653E0A2020202020203C62706D6E64693A42504D4E53686170652062706D6E456C656D656E743D22656E646576656E7431222069643D2242504D4E53686170655F656E646576656E7431223E0A20202020202020203C6F6D6764633A426F756E6473206865696768743D2233352E30222077696474683D2233352E302220783D223932302E302220793D223139302E30223E3C2F6F6D6764633A426F756E64733E0A2020202020203C2F62706D6E64693A42504D4E53686170653E0A2020202020203C62706D6E64693A42504D4E53686170652062706D6E456C656D656E743D22757365727461736B31222069643D2242504D4E53686170655F757365727461736B31223E0A20202020202020203C6F6D6764633A426F756E6473206865696768743D2235352E30222077696474683D223130352E302220783D223230302E302220793D223138302E30223E3C2F6F6D6764633A426F756E64733E0A2020202020203C2F62706D6E64693A42504D4E53686170653E0A2020202020203C62706D6E64693A42504D4E53686170652062706D6E456C656D656E743D22757365727461736B33222069643D2242504D4E53686170655F757365727461736B33223E0A20202020202020203C6F6D6764633A426F756E6473206865696768743D2235352E30222077696474683D223130352E302220783D223534302E302220793D223138302E30223E3C2F6F6D6764633A426F756E64733E0A2020202020203C2F62706D6E64693A42504D4E53686170653E0A2020202020203C62706D6E64693A42504D4E53686170652062706D6E456C656D656E743D22757365727461736B34222069643D2242504D4E53686170655F757365727461736B34223E0A20202020202020203C6F6D6764633A426F756E6473206865696768743D2235352E30222077696474683D223130352E302220783D223732302E302220793D223138302E30223E3C2F6F6D6764633A426F756E64733E0A2020202020203C2F62706D6E64693A42504D4E53686170653E0A2020202020203C62706D6E64693A42504D4E53686170652062706D6E456C656D656E743D22757365727461736B36222069643D2242504D4E53686170655F757365727461736B36223E0A20202020202020203C6F6D6764633A426F756E6473206865696768743D2235352E30222077696474683D223130352E302220783D223337302E302220793D223138302E30223E3C2F6F6D6764633A426F756E64733E0A2020202020203C2F62706D6E64693A42504D4E53686170653E0A2020202020203C62706D6E64693A42504D4E456467652062706D6E456C656D656E743D22666C6F7731222069643D2242504D4E456467655F666C6F7731223E0A20202020202020203C6F6D6764693A776179706F696E7420783D223131342E39343939393931313230303232392220793D223230372E35223E3C2F6F6D6764693A776179706F696E743E0A20202020202020203C6F6D6764693A776179706F696E7420783D223230302E302220793D223230372E35223E3C2F6F6D6764693A776179706F696E743E0A2020202020203C2F62706D6E64693A42504D4E456467653E0A2020202020203C62706D6E64693A42504D4E456467652062706D6E456C656D656E743D22666C6F7732222069643D2242504D4E456467655F666C6F7732223E0A20202020202020203C6F6D6764693A776179706F696E7420783D223330342E39343939393939393939393534342220793D223230372E35223E3C2F6F6D6764693A776179706F696E743E0A20202020202020203C6F6D6764693A776179706F696E7420783D223336392E39393939393939393939363731342220793D223230372E35223E3C2F6F6D6764693A776179706F696E743E0A2020202020203C2F62706D6E64693A42504D4E456467653E0A2020202020203C62706D6E64693A42504D4E456467652062706D6E456C656D656E743D22666C6F7733222069643D2242504D4E456467655F666C6F7733223E0A20202020202020203C6F6D6764693A776179706F696E7420783D223437342E39353030303030303030303030352220793D223230372E35223E3C2F6F6D6764693A776179706F696E743E0A20202020202020203C6F6D6764693A776179706F696E7420783D223533392E393939393939393939393637312220793D223230372E35223E3C2F6F6D6764693A776179706F696E743E0A2020202020203C2F62706D6E64693A42504D4E456467653E0A2020202020203C62706D6E64693A42504D4E456467652062706D6E456C656D656E743D22666C6F7734222069643D2242504D4E456467655F666C6F7734223E0A20202020202020203C6F6D6764693A776179706F696E7420783D223634342E393439393939393939393939392220793D223230372E35223E3C2F6F6D6764693A776179706F696E743E0A20202020202020203C6F6D6764693A776179706F696E7420783D223731392E393939393939393939393033392220793D223230372E35223E3C2F6F6D6764693A776179706F696E743E0A2020202020203C2F62706D6E64693A42504D4E456467653E0A2020202020203C62706D6E64693A42504D4E456467652062706D6E456C656D656E743D22666C6F7735222069643D2242504D4E456467655F666C6F7735223E0A20202020202020203C6F6D6764693A776179706F696E7420783D223832342E393439393939393939393939392220793D223230372E35223E3C2F6F6D6764693A776179706F696E743E0A20202020202020203C6F6D6764693A776179706F696E7420783D223932302E302220793D223230372E35223E3C2F6F6D6764693A776179706F696E743E0A2020202020203C2F62706D6E64693A42504D4E456467653E0A202020203C2F62706D6E64693A42504D4E506C616E653E0A20203C2F62706D6E64693A42504D4E4469616772616D3E0A3C2F646566696E6974696F6E733E, '0');
INSERT INTO `act_ge_bytearray` VALUES ('08c46abd0ac011eabd62dc8b287b3603', '1', 'qingjia.qingjia.png', '0617732b0ac011eabd62dc8b287b3603', 0x89504E470D0A1A0A0000000D49484452000003C5000000F5080600000079A0575C0000151B4944415478DAEDDD0F6C55659A076012C7648C63D444331AC7A859638C31C698316A5C0D31BAC6A8EB18856B4BD1AA8088188911C555025209AE922C09561C35FE218A635C11248A6B4104C2420495455047C63F800504194691050B7AF6BC7739CDA1D0DA427BEF6DFB3CC91BDADE5B20F7FCEEFDCE7BCE77BED3A70F00000000000000000000000000000000000000000000000000000000000000000000000000000000000000000000000000000000000000000000000000000000000000000000000000000000000000000000000000000000000000000000000000000000000000000000000000000000000000000000000000000000000000000000000000000000000000000000000000000000000000000000000000000000000000000000000000000000000000000000000000000000000000000000000000000000000000000000000000000000000000000000000000000000000000000000000000000000000000000000000000000000000000000000000000000000000000000000000000000000000000000000000000000000000000000000000000000000000000000000000000000000000000000000000000000000000000000000000000000000000000000000000000000000000000000000000000000000000000000000000000000000000000000000000000000000000000000000000000000000000000000000000000000000000000000000000000000000000000000000000000000000000000000000000000000000000000000000000000000000000000000000000000000000000000000000000000000000000000000000000000000000000000000000000000000000000000000000000000000000000000000000000000000000000000000000000000000000000000000000000000000000000000000000000000000000000000000000000000000000000000000000000000000000000000000000000000000000000000000000000000000000000000000000000000000000000000000000000000000000000000000000000000000000000000000000000000000000000000000000000000000000000000000000000000400F9424C96FBEFCF2CB57972C59F2F3DCB9739386860655013567CE9C64C18205DFA55523A5722AA772AAE4549E953C03749118F0162E5C986CDAB429F9E9A79F5405D5E6CD9B93F9F3E77F9F0E80D7CBA99CCAA99C2A39956725CF005D208E001BF02A7AE0FBA9A1A1E15339955339955325A7F2ACE419A00BC49428834B65573AE8ED92533995533955722ACF4A9E01BA405C9F6260A9F8412F91533995533955722ACF4A9E01CA38E8FDF88F0DC9974B9F4B56CD1957ACF83A7E665032E8C9A992533995537996677906E8D183DEB6AD8DC9CAFF1A9DFCCF9B23F7AAF8593C666032E8C9A992533995537996677906E8B183DEBA556FEC33E065F5CDAA590626839E9C2A399553399567799667809E3BE87D3AEFDF5B1DF4E2310393414F4E959CCAA99CCAB33CCB33408F1DF456368C6D75D08BC70C4C063D3955722AA7722ACFF22CCFECABAAAAEA9842A17043EAB1B4E6A5B52EAD24571BD25A9C3EE7E9F4B983D2AF4FF6AA757363C78E3DAABEBEFEE1BABABA65A3478FDE3C6CD8B0A6010306346FF4214386ECBEF7DE7BB78E1B376EF9134F3CF1E7071F7CF09FBC6A063D65D093533995533995537956F2DC93F4EFDFFFD2B4D17D3DED8176B468827FAD7645939C566DDFBE7D7FE395EC46C68F1F7FF99831633EAAA9A9F9256D8693193366242B56AC48E2A6EFBB77EF4E325BB66C493EFBECB3E4EDB7DF4E264E9C98C4F3D326795DFA3B436CF4CA1DF46235C9D606BD78CCC064D0935325A7722AA7F22CCFF24C9F3E6933FBC7B49676B0116EAD3E8DB3C75ED50A3762C48893EFBFFFFEE583060DFAE5D5575F2D36BD1DD1D4D4942C5AB42879F0C1077F19366CD8C6C18307FFAB57B5F206BDD58B1E6F75D08BC70C4C063D3955722AA7722ACFF22CCFBD5DDAC04ED873A6B7B9B18D59B313264C48A2575AB56A55B261C38664C78E1DCDBD509C44FCFCF3CF93E9D3A7179F3770E0C0FD35C7B3D3BFE70F5EE10A347AF4E8E1B7DE7AEBAE175E7821D9BE7D7B72B0962E5D9AA44D71D3D0A14367F4EBD7EF775EE1CA19F4B634AE4856BE3366DFA951E9CFE2310393414F4E959CCAA99CCAB33CCB736F15BDCB9EEB859B1BD9DADADAE4C5175F2C36BD1D117D55CCBA1D3162C45E8D71A150D89AFED9D7AB5D41468D1AF5E73BEEB863F7071F7C9074A61F7EF821A9AFAF6F4A43B43E0DD7715EE9CA18F4A2BE5A36759F412F7E665032E8C9A9925339955379966779EEE50DF1C27C031B9793C619E1831197A0BEF5D65B497E7DA6B4B6A575BD57BD421AE2E1C387FFDCD1A31E1D316DDAB49F6B6A6ABE4F4376AA57BC0206BD9D3B93D5FF3D65DFA951E9CFE2310393414F4E959CCAA99CCAB33CCB736FD4F20C714C93CEAFA974B01A1B1B93912347E61BE31D8542E12AAF7C19C594E93843DC950D7166E6CC993BD3C6B8D119E3F20E7ADBB636269F2F9ADCEA3543F1583CC7E064D0935339955339955379966779EE4DF65C43DCDCB02E59B2A44BFAA2B80639AE37CE9F314EFFEDD36D81328845B5E21AE2E5CB9727A5F2D24B2FADAFAEAE7EC3CAD46518F476EE4C36AC7E37F9F8ED7F6B75C0CB2A9E13CF7554D8A027A7722AA7722AA7F22CCFF2DC4BCE10FF31BFA8569C21EE4AB128D7F8F1E3F7BABF71DC03D99628B151A3467D1C8B6A95DA5D77DDB5BE50280CB7054A37E8FDDAD15F47850D7A72AAE4544EE5549EE5599E7BB3B43FF9287F0D71674E996E6BFDA5C18307E717DFFA0F5BA284E23EC471DBA5CE5865FA00E6D1EFAEAEAEFEBB2321A51BF4DA73F4B7ADA3C2062A839E9CCAA99CCAA99CCAB33CCB734FD5BF7FFF4BF3AB4C1FECA25A1D110B1DB75878EB645BA444C68C19F351DC3BAB5C1E79E491553167DF9628CDA077A0035E56062A839E9CCAA99CCAA99CCAB33CCB734F9536A2B3B2C6346EBB546A13274ECC37C68FD922253076ECD8A36A6A6A7ED9B2654BD99AE2C6C6C64D6953FC9D6B8B4B33E829839E9C2A399553399567999167F615B3576305E86848E37649A55880B8A52FBEF862AFFB17D7D6D61E65CB74B12953A64C8879F2E576FBEDB7FF350DE13FDB22063D839E9C2A39955325A7F22CCFF25C0E69137A43D690C68AD0E53262C488E6C638ED91FE64CB74B1BABABA65B366CD2A7B533C69D2A445A65077E82856437B0E2218F40C7A72AAE4544EE5D4FE813CCB33ED7B7FC474E552AD38DD96575E79C5825BA5347AF4E8CD2B56AC287B53BC64C992E571736C5BA47D72478E1AD237CAF9063D839E9C2A39955339D544C8B33C7370EF8FE847B2E77DF6D967E5EC8DF2678A1B6CBD2E366CD8B0A672CC956F69E3C68D1BE27E5CB648C7DED4B99ABDBF235F063D839E9C2A39955339B57F20CFF24CFBDE1FE9CFD6658F9772D5E996D6AE5DBBD73D8B6DBD2E16179097E2BE5BED111BDD1639E03775F391A4FC9BDBA067D0935325A7722AA7F60FE4599E69DFFB23FFF31D3B7694AD2F6A6A6ADAEBFF68EB95201C95C2063FF83775FEC8574C0B31E819F4E454C9A99CCAA9FD03799667DAF7FEC87F5F09BD91A6B8979E29569D5B9538E8A5B14BEAEAEA8A5FCF9D3B37A9AEAE2ED6CC99338B8F6DDFBEBDCDDFBDE79E7B3AF46F0D1B36ACA2073D39ADCC9CB655DF7CF34DF2E1871F168F2047C622C73D7DE74C4EFFBFBAE3B63BE2882392ABAFBEBAD5C7972D5B965C73CD35C975D75D57FC1C8EBAF1C61B8B155F5F74D145C96DB7DD26A73E772BB2DADA67686DBF2016989567D59E72A6B817A9946B8A376FDEBCDE7CF94E39D2B5B450285C95DDF3B9529BE2D75F7FBDF9EBD8E9CA3F162BFD65035DDC3F3B5F8B162D2A3E27163E88EFDF7FFFFDE2F7713FB7D6FEADB676061D0996D3F6560C8C679D7556327BF6ECE4F8E38F4FD2FFFB3E998DAFEFBEFBEEE6DF59BD7A7572F9E5971733983519F966239EDFBF7F7F672CE4B453EBB4D34E4B1E7AE8A162FE162F5E5CCCD985175E58FC3E6AE1C285C59FAD5BB7AEF8FC934E3A29B9F8E28B9B331C077CD6AF5F5FFC3A3E6723DFA79E7AAA9CCA7359AAE5419BF3CE3B2FB9E4924B9A0FE0C4419F071E78A0F9F9B15F70EDB5D7163F5BB3CFD9F8DDEC73F7CA2BAF4CEAEBEBE5D9FBA3D5F7876B8A7BA9F483E4BB55AB5655CAEAD30B6D91037E53EF35D8652A69D08B9DAC68866380BAECB2CB92A953A7169B8CE79F7FBE79672D1E9B376F5EF3EF1C7DF4D1C59DB26882E3C86ED61CCF9F3F3F0EA4347FDFDA91E2F8FBA28131E8C9696735C6F167EC58452391652C56F08FAC9E71C619A6F1C96945E535F219154D406B67C75A36C5CB972FD714CB73C5D6B1C71E5B6C8A3B72203E6E6DE37397F6BE3FAC3EDD4BC57D8ADF7AEBAD8AB84F71DC17CC16E9F09B7A71DCD0BBE56057C9835EFE4C713412175C7041F311DFEC2C45FEF91B376E2CFE3C6E629EFDECFBEFBF2FFEACAD1DB56C87F0C8238F34E8C969A765370EC8C499B86C5A7EFC2C9AE1952B57BAB64D4E2BA6B2CFC838C8189F93B5B5B5C5A6787F0D42CBA638B2AC2996E79ED0146FDBB6AD98E337DF7CD3E72EED7E7FA48F4DAE84FB14C7BF9DFBFF4EB6F5BA587D7DFDC4F1E3C797BD291E3E7CF8CA7483F7B545DAFDA6DEEF91DFEED21447231C67D74E3CF1C4E24E57F658ECC0E59BE2D8398BE7AF59B3A638852AFF77BCF3CE3B6D4E3FCDA656C799E2EC0C9F414F4E3BEB804EE431A652F7D933453FBE8E1DAF2CAFBFF677FDFEF7BF4F264E9C68E74C4E3BBDE2B3EFCC33CF6C9E6E9ACDC879EAA9A792279F7CB2F9EC71F6D9AB2996E7EEDC14474E23AFF96B8C23F391FDD8BF3DFCF0C38BD3ABB303EFCF3CF38CCF5DEF8F36DF1F69B35C9335A313264C285B6F3472E4C87C537CBDADD7C5D217FCB89B6EBAE997F81029E33D8A37A501FCB1B6B6F6B7B648E7AAA4412FA6A0C4622D7DF65C033C6DDAB4E214EA6CA08A3319D90E5CD618C7EFE407BE58E0287EB74F3B16378AE75C71C515CDD7CF556A636CD0EB1E3B67F11919398AE622DBB1CA7E169703B4F67BF9C5E45A5E571CD77BDA3993D3CEAC9859935D2B9C5F182EFEEFC71C73CC7E1757CA9AE2ECAC5A7CEE664D71FC7D9A62792E779D7BEEB9C58A7D8468724F39E594E61966B1CFD0DAEFC573F30BE4F5C9AD0121CFB466C080017F4873B323B2130B12FFF0C30FE5BE9E7847DA271D63CB94C07DF7DDF7B7F7DE7BAF6C4DF1E38F3FBEAC50283C6D4BF4EC412FA6F3C5CE59D61467D39BA301CEFE8C9FB736DD39AE398E46243B4BDC9E6BE9A2E9CE06C2471F7DD4A027A79D76C638BFB856CC70883FB76EDD6AFAB49C96FD3AE258EC2D6AF2E4C9C5E63666E5640772E2FB4F3EF9A4B9F9CD9AE2682E0E3BECB0E28C87FCB4D358ED3F16321A3A74A89CCA73B79B3E1D198E03F09A620EE08C72F375C5D3A74F2F796F3465CA947C53FC9C2D5222A3468DAA4A07BE9FCB716BA6EDDBB7EFAAAEAEFE7B1C95B1257AC7A0D767CFF4BC6CFA732C98157F4E9A34A9B8C3166726DAFADDA8F6FC1BF95B8864D3B0B326D9A027A79DB9827AD6747497C6414E7B764EE39291C8674C978EE9CF319D3F6B06F2ABF9670B14BEF8E28B6D5E77E94CB13C77E7A638DF046B8A69AFFC14EA5843A494B7666A6C6C2C9EA1CEFEFDB44F3ADB1629A174836F8C69A6A5565757B7C2C5E3BD67D0CBA69B66672AE2CFB875489FFD2CB095AFEC6C725CC7198D6D7C3D68D0A0E2D98CFD0D823155B5E5CF5F7BEDB5E263E79C734E459DD133E8759F9DB398AD901DC4C91A88F8FA84134E686E3C0E39E490E28C87F83E6EC714D572DA74766B906C35F6685EEC9CC96957547C4666979CB4365D3F9AE258F430CE2EEF2FA73105B5A6A6461321CF15DB146707DBF7B73F10637FFEFBEC4E17B1CABA3CD39A3DB766FA386B4C67CC9851B2DE68DCB871CD0D71A15078DDD628B1214386FCCBE0C1839BA2592895B4D1595D5555F5B77EFDFAFDCE16E81D835ED604C419B5FC19E198DE143B5DF1580C7831CD3ACE64C4F598D154B49CFA1C53B163C1985848263B6B17BF73E8A1871657076EEDDF8FC7E2F95F7DF595414F4E3B5C71AD669FDCBD8823A37D72D3F3E2A04FFEBEDBCE14CB69B92BBBB7FB2DB7DCD2E6A26FF999352DEBF4D34F2FDEDB554EE5B9D415E37ADC13BEB5838BF98A7D8AA8B3CF3EBBB89E487C16C7FD8A23FBD9019EF83E9AE4784E5B07E2E59996678BE3CCEDD75F7FDDE5BD51DC1128376D7A57DA149F694B9441DAA8FCE7A449937695621AF5FAF5EBB7C7B4E9FEFDFB5FEA95B713D79BCBA027A7722AA74A4EE559C973E5491BD35959931A07C4BB7261E23888999F369DD6505BA04C62AAC0CD37DFFCD5D4A9539BBAB221DEB469D3EEDADADAF555555523BCEA063D839E414F4EE5544E959CCAB392E74AD3AF5FBFE3D2E67473D6A8C66DBE9A9A9ABAA4218EBBB0585CAB82C492DF03070EDC327DFAF49FBAEA0CF19E86788257DBA0A70C7A722AA772AAE4549E953C57AA42A1707E5A5BB38635AEF98DCBA73A73CA748B33C4B35D5A5A216225E89A9A9AC6679F7D7663675F431C53A69D2136E829839E9CCAA99C2A39956725CFDDE4A4E19FB27B1747C559DD254B961CF42AD363C68CC937C31AE24A3D639C36B06FC4AAD46BD6ACD979B0B75D8A55A663512DD7101BF494414F4EE5544E959CCAB392E7EE247A98B469DD966F62274C9850BCE77B47AC5DBBB6781FE21667878B53A635C415AC50280C4F9BE36F1F7EF8E18FBFF8E28B0E9D39DEB871E3A6FAFAFAA5717638DDD0536C68839E32E8C9A99CCAA992537956F2DC4D4F1A9E9EF634EB5A34B3C99D77DE99BCFCF2CB49DCDE3656A9CEAE3B8E3FA3098EB3CA718FECFBEEBBAF65235C5C65DAA25ADD4434B3E9C61A1B21183264C85F1F7DF4D1C5F3E6CDFB30DDC86BF24DF0962D5BBE4D37FAF24993262D1A3E7CF8CA34383FA64DF5D3311DDBAB68D053063D3995533955722ACF4A9EBB7B5F146B23B53C6B7C2015F72176DBA5EE7BE6F8FC3D0DF2ECB4BEDA737423DBB81BD25A9CD66369F5ADADADFDAD57CCA0A70C7A722AA772AAE4549E953CF72471D22FED77EAF28B70B5B3E2DAE4E7AAABABCFF62A82414F19F4E4544EE554C9A93C2B79EED6E224E09EEB8D1FDB73D2B0E5F4EA0D5555550DE99F93D306FA8658B7C9AB06063D65D0935339955325A7F2ACE419C0A0A70C7A722AA772AAE4549E953C0318F40C7A9A0D3995533955722ACF4A9E010C7A063D3955722AA74A4EE559C9338041CFA027A74A4EE554C9A93CCB3300076FEEDCB90696CAAE1DE9A0B74B4EE5544EE554C9A93C2B7906E8020B162CD8B069D326834B85566363E35FD241EF5339955339955325A7F2ACE419A00BBCFBEEBBD7BCF7DE7BFFF8F6DB6FFFD7205359478063C09B3367CE9AB4AE97533995533955722ACF4A9E01BA48FAA17A554343C3D2988613D7A7A88AA8D8169F1AF0E4544EE554C9A93C2B79060000000000000000000000000000000000000000000000000000000000000000007A9DFF03818A47AD5B4D03300000000049454E44AE426082, '1');
INSERT INTO `act_ge_bytearray` VALUES ('301f94820f8e11ea988cdc8b287b3603', '1', 'leave.bpmn', '301f6d710f8e11ea988cdc8b287b3603', 0x3C3F786D6C2076657273696F6E3D22312E302220656E636F64696E673D225554462D38223F3E0A3C646566696E6974696F6E7320786D6C6E733D22687474703A2F2F7777772E6F6D672E6F72672F737065632F42504D4E2F32303130303532342F4D4F44454C2220786D6C6E733A7873693D22687474703A2F2F7777772E77332E6F72672F323030312F584D4C536368656D612D696E7374616E63652220786D6C6E733A7873643D22687474703A2F2F7777772E77332E6F72672F323030312F584D4C536368656D612220786D6C6E733A666C6F7761626C653D22687474703A2F2F666C6F7761626C652E6F72672F62706D6E2220786D6C6E733A62706D6E64693D22687474703A2F2F7777772E6F6D672E6F72672F737065632F42504D4E2F32303130303532342F44492220786D6C6E733A6F6D6764633D22687474703A2F2F7777772E6F6D672E6F72672F737065632F44442F32303130303532342F44432220786D6C6E733A6F6D6764693D22687474703A2F2F7777772E6F6D672E6F72672F737065632F44442F32303130303532342F44492220747970654C616E67756167653D22687474703A2F2F7777772E77332E6F72672F323030312F584D4C536368656D61222065787072657373696F6E4C616E67756167653D22687474703A2F2F7777772E77332E6F72672F313939392F585061746822207461726765744E616D6573706163653D22687474703A2F2F7777772E61637469766974692E6F72672F74657374223E0A20203C70726F636573732069643D226C6561766522206E616D653D22E8AFB7E581872220697345786563757461626C653D2274727565223E0A202020203C73746172744576656E742069643D2273746172746576656E743122206E616D653D225374617274223E3C2F73746172744576656E743E0A202020203C656E644576656E742069643D22656E646576656E743122206E616D653D22456E64223E3C2F656E644576656E743E0A202020203C757365725461736B2069643D22757365727461736B3122206E616D653D22E68F90E4BAA4E4BABA2220666C6F7761626C653A61737369676E65653D223030303030303031223E0A2020202020203C657874656E73696F6E456C656D656E74733E0A20202020202020203C6D6F64656C65723A696E69746961746F722D63616E2D636F6D706C65746520786D6C6E733A6D6F64656C65723D22687474703A2F2F666C6F7761626C652E6F72672F6D6F64656C6572223E3C215B43444154415B66616C73655D5D3E3C2F6D6F64656C65723A696E69746961746F722D63616E2D636F6D706C6574653E0A2020202020203C2F657874656E73696F6E456C656D656E74733E0A202020203C2F757365725461736B3E0A202020203C757365725461736B2069643D22757365727461736B3322206E616D653D22E69D8EE59B9B2220666C6F7761626C653A61737369676E65653D223030303030303033223E0A2020202020203C657874656E73696F6E456C656D656E74733E0A20202020202020203C6D6F64656C65723A696E69746961746F722D63616E2D636F6D706C65746520786D6C6E733A6D6F64656C65723D22687474703A2F2F666C6F7761626C652E6F72672F6D6F64656C6572223E3C215B43444154415B66616C73655D5D3E3C2F6D6F64656C65723A696E69746961746F722D63616E2D636F6D706C6574653E0A2020202020203C2F657874656E73696F6E456C656D656E74733E0A202020203C2F757365725461736B3E0A202020203C757365725461736B2069643D22757365727461736B3422206E616D653D22E78E8BE4BA942220666C6F7761626C653A61737369676E65653D223030303030303034223E0A2020202020203C657874656E73696F6E456C656D656E74733E0A20202020202020203C6D6F64656C65723A696E69746961746F722D63616E2D636F6D706C65746520786D6C6E733A6D6F64656C65723D22687474703A2F2F666C6F7761626C652E6F72672F6D6F64656C6572223E3C215B43444154415B66616C73655D5D3E3C2F6D6F64656C65723A696E69746961746F722D63616E2D636F6D706C6574653E0A2020202020203C2F657874656E73696F6E456C656D656E74733E0A202020203C2F757365725461736B3E0A202020203C757365725461736B2069643D22757365727461736B3622206E616D653D22E5BCA0E4B8892220666C6F7761626C653A61737369676E65653D223030303030303032223E0A2020202020203C657874656E73696F6E456C656D656E74733E0A20202020202020203C6D6F64656C65723A696E69746961746F722D63616E2D636F6D706C65746520786D6C6E733A6D6F64656C65723D22687474703A2F2F666C6F7761626C652E6F72672F6D6F64656C6572223E3C215B43444154415B66616C73655D5D3E3C2F6D6F64656C65723A696E69746961746F722D63616E2D636F6D706C6574653E0A2020202020203C2F657874656E73696F6E456C656D656E74733E0A202020203C2F757365725461736B3E0A202020203C73657175656E6365466C6F772069643D22666C6F77312220736F757263655265663D2273746172746576656E743122207461726765745265663D22757365727461736B31223E3C2F73657175656E6365466C6F773E0A202020203C73657175656E6365466C6F772069643D22666C6F77322220736F757263655265663D22757365727461736B3122207461726765745265663D22757365727461736B36223E3C2F73657175656E6365466C6F773E0A202020203C73657175656E6365466C6F772069643D22666C6F77332220736F757263655265663D22757365727461736B3622207461726765745265663D22757365727461736B33223E3C2F73657175656E6365466C6F773E0A202020203C73657175656E6365466C6F772069643D22666C6F77342220736F757263655265663D22757365727461736B3322207461726765745265663D22757365727461736B34223E3C2F73657175656E6365466C6F773E0A202020203C73657175656E6365466C6F772069643D22666C6F77352220736F757263655265663D22757365727461736B3422207461726765745265663D22656E646576656E7431223E3C2F73657175656E6365466C6F773E0A20203C2F70726F636573733E0A20203C62706D6E64693A42504D4E4469616772616D2069643D2242504D4E4469616772616D5F6C65617665223E0A202020203C62706D6E64693A42504D4E506C616E652062706D6E456C656D656E743D226C65617665222069643D2242504D4E506C616E655F6C65617665223E0A2020202020203C62706D6E64693A42504D4E53686170652062706D6E456C656D656E743D2273746172746576656E7431222069643D2242504D4E53686170655F73746172746576656E7431223E0A20202020202020203C6F6D6764633A426F756E6473206865696768743D2233352E30222077696474683D2233352E302220783D2238302E302220793D223139302E30223E3C2F6F6D6764633A426F756E64733E0A2020202020203C2F62706D6E64693A42504D4E53686170653E0A2020202020203C62706D6E64693A42504D4E53686170652062706D6E456C656D656E743D22656E646576656E7431222069643D2242504D4E53686170655F656E646576656E7431223E0A20202020202020203C6F6D6764633A426F756E6473206865696768743D2233352E30222077696474683D2233352E302220783D223932302E302220793D223139302E30223E3C2F6F6D6764633A426F756E64733E0A2020202020203C2F62706D6E64693A42504D4E53686170653E0A2020202020203C62706D6E64693A42504D4E53686170652062706D6E456C656D656E743D22757365727461736B31222069643D2242504D4E53686170655F757365727461736B31223E0A20202020202020203C6F6D6764633A426F756E6473206865696768743D2235352E30222077696474683D223130352E302220783D223230302E302220793D223138302E30223E3C2F6F6D6764633A426F756E64733E0A2020202020203C2F62706D6E64693A42504D4E53686170653E0A2020202020203C62706D6E64693A42504D4E53686170652062706D6E456C656D656E743D22757365727461736B33222069643D2242504D4E53686170655F757365727461736B33223E0A20202020202020203C6F6D6764633A426F756E6473206865696768743D2235352E30222077696474683D223130352E302220783D223534302E302220793D223138302E30223E3C2F6F6D6764633A426F756E64733E0A2020202020203C2F62706D6E64693A42504D4E53686170653E0A2020202020203C62706D6E64693A42504D4E53686170652062706D6E456C656D656E743D22757365727461736B34222069643D2242504D4E53686170655F757365727461736B34223E0A20202020202020203C6F6D6764633A426F756E6473206865696768743D2235352E30222077696474683D223130352E302220783D223732302E302220793D223138302E30223E3C2F6F6D6764633A426F756E64733E0A2020202020203C2F62706D6E64693A42504D4E53686170653E0A2020202020203C62706D6E64693A42504D4E53686170652062706D6E456C656D656E743D22757365727461736B36222069643D2242504D4E53686170655F757365727461736B36223E0A20202020202020203C6F6D6764633A426F756E6473206865696768743D2235352E30222077696474683D223130352E302220783D223337302E302220793D223138302E30223E3C2F6F6D6764633A426F756E64733E0A2020202020203C2F62706D6E64693A42504D4E53686170653E0A2020202020203C62706D6E64693A42504D4E456467652062706D6E456C656D656E743D22666C6F7731222069643D2242504D4E456467655F666C6F7731223E0A20202020202020203C6F6D6764693A776179706F696E7420783D223131342E39343939393931313230303232392220793D223230372E35223E3C2F6F6D6764693A776179706F696E743E0A20202020202020203C6F6D6764693A776179706F696E7420783D223230302E302220793D223230372E35223E3C2F6F6D6764693A776179706F696E743E0A2020202020203C2F62706D6E64693A42504D4E456467653E0A2020202020203C62706D6E64693A42504D4E456467652062706D6E456C656D656E743D22666C6F7732222069643D2242504D4E456467655F666C6F7732223E0A20202020202020203C6F6D6764693A776179706F696E7420783D223330342E39343939393939393939393534342220793D223230372E35223E3C2F6F6D6764693A776179706F696E743E0A20202020202020203C6F6D6764693A776179706F696E7420783D223336392E39393939393939393939363731342220793D223230372E35223E3C2F6F6D6764693A776179706F696E743E0A2020202020203C2F62706D6E64693A42504D4E456467653E0A2020202020203C62706D6E64693A42504D4E456467652062706D6E456C656D656E743D22666C6F7733222069643D2242504D4E456467655F666C6F7733223E0A20202020202020203C6F6D6764693A776179706F696E7420783D223437342E39353030303030303030303030352220793D223230372E35223E3C2F6F6D6764693A776179706F696E743E0A20202020202020203C6F6D6764693A776179706F696E7420783D223533392E393939393939393939393637312220793D223230372E35223E3C2F6F6D6764693A776179706F696E743E0A2020202020203C2F62706D6E64693A42504D4E456467653E0A2020202020203C62706D6E64693A42504D4E456467652062706D6E456C656D656E743D22666C6F7734222069643D2242504D4E456467655F666C6F7734223E0A20202020202020203C6F6D6764693A776179706F696E7420783D223634342E393439393939393939393939392220793D223230372E35223E3C2F6F6D6764693A776179706F696E743E0A20202020202020203C6F6D6764693A776179706F696E7420783D223731392E393939393939393939393033392220793D223230372E35223E3C2F6F6D6764693A776179706F696E743E0A2020202020203C2F62706D6E64693A42504D4E456467653E0A2020202020203C62706D6E64693A42504D4E456467652062706D6E456C656D656E743D22666C6F7735222069643D2242504D4E456467655F666C6F7735223E0A20202020202020203C6F6D6764693A776179706F696E7420783D223832342E393439393939393939393939392220793D223230372E35223E3C2F6F6D6764693A776179706F696E743E0A20202020202020203C6F6D6764693A776179706F696E7420783D223932302E302220793D223230372E35223E3C2F6F6D6764693A776179706F696E743E0A2020202020203C2F62706D6E64693A42504D4E456467653E0A202020203C2F62706D6E64693A42504D4E506C616E653E0A20203C2F62706D6E64693A42504D4E4469616772616D3E0A3C2F646566696E6974696F6E733E, '0');
INSERT INTO `act_ge_bytearray` VALUES ('308115730f8e11ea988cdc8b287b3603', '1', 'leave.leave.png', '301f6d710f8e11ea988cdc8b287b3603', 0x89504E470D0A1A0A0000000D49484452000003C5000000F5080600000079A0575C0000151B4944415478DAEDDD0F6C55659A076012C7648C63D444331AC7A859638C31C698316A5C0D31BAC6A8EB18856B4BD1AA8088188911C555025209AE922C09561C35FE218A635C11248A6B4104C2420495455047C63F800504194691050B7AF6BC7739CDA1D0DA427BEF6DFB3CC91BDADE5B20F7FCEEFDCE7BCE77BED3A70F00000000000000000000000000000000000000000000000000000000000000000000000000000000000000000000000000000000000000000000000000000000000000000000000000000000000000000000000000000000000000000000000000000000000000000000000000000000000000000000000000000000000000000000000000000000000000000000000000000000000000000000000000000000000000000000000000000000000000000000000000000000000000000000000000000000000000000000000000000000000000000000000000000000000000000000000000000000000000000000000000000000000000000000000000000000000000000000000000000000000000000000000000000000000000000000000000000000000000000000000000000000000000000000000000000000000000000000000000000000000000000000000000000000000000000000000000000000000000000000000000000000000000000000000000000000000000000000000000000000000000000000000000000000000000000000000000000000000000000000000000000000000000000000000000000000000000000000000000000000000000000000000000000000000000000000000000000000000000000000000000000000000000000000000000000000000000000000000000000000000000000000000000000000000000000000000000000000000000000000000000000000000000000000000000000000000000000000000000000000000000000000000000000000000000000000000000000000000000000000000000000000000000000000000000000000000000000000000000000000000000000000000000000000000000000000000000000000000000000000000000000000000000000000000000400F9424C96FBEFCF2CB57972C59F2F3DCB9739386860655013567CE9C64C18205DFA55523A5722AA772AAE4549E953C03749118F0162E5C986CDAB429F9E9A79F5405D5E6CD9B93F9F3E77F9F0E80D7CBA99CCAA99C2A39956725CF005D208E001BF02A7AE0FBA9A1A1E15339955339955325A7F2ACE419A00BC49428834B65573AE8ED92533995533955722ACF4A9E01BA405C9F6260A9F8412F91533995533955722ACF4A9E01CA38E8FDF88F0DC9974B9F4B56CD1957ACF83A7E665032E8C9A992533995537996677906E8D183DEB6AD8DC9CAFF1A9DFCCF9B23F7AAF8593C666032E8C9A992533995537996677906E8B183DEBA556FEC33E065F5CDAA590626839E9C2A399553399567799667809E3BE87D3AEFDF5B1DF4E2310393414F4E959CCAA99CCAB33CCB33408F1DF456368C6D75D08BC70C4C063D3955722AA7722ACFF22CCFECABAAAAEA9842A17043EAB1B4E6A5B52EAD24571BD25A9C3EE7E9F4B983D2AF4FF6AA757363C78E3DAABEBEFEE1BABABA65A3478FDE3C6CD8B0A6010306346FF4214386ECBEF7DE7BB78E1B376EF9134F3CF1E7071F7CF09FBC6A063D65D093533995533995537956F2DC93F4EFDFFFD2B4D17D3DED8176B468827FAD7645939C566DDFBE7D7FE395EC46C68F1F7FF99831633EAAA9A9F9256D8693193366242B56AC48E2A6EFBB77EF4E325BB66C493EFBECB3E4EDB7DF4E264E9C98C4F3D326795DFA3B436CF4CA1DF46235C9D606BD78CCC064D0935325A7722AA7F22CCFF24C9F3E6933FBC7B49676B0116EAD3E8DB3C75ED50A3762C48893EFBFFFFEE583060DFAE5D5575F2D36BD1DD1D4D4942C5AB42879F0C1077F19366CD8C6C18307FFAB57B5F206BDD58B1E6F75D08BC70C4C063D3955722AA7722ACFF22CCFBD5DDAC04ED873A6B7B9B18D59B313264C48A2575AB56A55B261C38664C78E1DCDBD509C44FCFCF3CF93E9D3A7179F3770E0C0FD35C7B3D3BFE70F5EE10A347AF4E8E1B7DE7AEBAE175E7821D9BE7D7B72B0962E5D9AA44D71D3D0A14367F4EBD7EF775EE1CA19F4B634AE4856BE3366DFA951E9CFE2310393414F4E959CCAA99CCAB33CCB736F15BDCB9EEB859B1BD9DADADAE4C5175F2C36BD1D117D55CCBA1D3162C45E8D71A150D89AFED9D7AB5D41468D1AF5E73BEEB863F7071F7C9074A61F7EF821A9AFAF6F4A43B43E0DD7715EE9CA18F4A2BE5A36759F412F7E665032E8C9A9925339955379966779EEE50DF1C27C031B9793C619E1831197A0BEF5D65B497E7DA6B4B6A575BD57BD421AE2E1C387FFDCD1A31E1D316DDAB49F6B6A6ABE4F4376AA57BC0206BD9D3B93D5FF3D65DFA951E9CFE2310393414F4E959CCAA99CCAB33CCB736FD4F20C714C93CEAFA974B01A1B1B93912347E61BE31D8542E12AAF7C19C594E93843DC950D7166E6CC993BD3C6B8D119E3F20E7ADBB636269F2F9ADCEA3543F1583CC7E064D0935339955339955379966779EE4DF65C43DCDCB02E59B2A44BFAA2B80639AE37CE9F314EFFEDD36D81328845B5E21AE2E5CB9727A5F2D24B2FADAFAEAE7EC3CAD46518F476EE4C36AC7E37F9F8ED7F6B75C0CB2A9E13CF7554D8A027A7722AA7722AA7F22CCFF2DC4BCE10FF31BFA8569C21EE4AB128D7F8F1E3F7BABF71DC03D99628B151A3467D1C8B6A95DA5D77DDB5BE50280CB7054A37E8FDDAD15F47850D7A72AAE4544EE5549EE5599E7BB3B43FF9287F0D71674E996E6BFDA5C18307E717DFFA0F5BA284E23EC471DBA5CE5865FA00E6D1EFAEAEAEFEBB2321A51BF4DA73F4B7ADA3C2062A839E9CCAA99CCAA99CCAB33CCB734FD5BF7FFF4BF3AB4C1FECA25A1D110B1DB75878EB645BA444C68C19F351DC3BAB5C1E79E491553167DF9628CDA077A0035E56062A839E9CCAA99CCAA99CCAB33CCB734F9536A2B3B2C6346EBB546A13274ECC37C68FD922253076ECD8A36A6A6A7ED9B2654BD99AE2C6C6C64D6953FC9D6B8B4B33E829839E9C2A399553399567999167F615B3576305E86848E37649A55880B8A52FBEF862AFFB17D7D6D61E65CB74B12953A64C8879F2E576FBEDB7FF350DE13FDB22063D839E9C2A39955325A7F22CCFF25C0E69137A43D690C68AD0E53262C488E6C638ED91FE64CB74B1BABABA65B366CD2A7B533C69D2A445A65077E82856437B0E2218F40C7A72AAE4544EE5D4FE813CCB33ED7B7FC474E552AD38DD96575E79C5825BA5347AF4E8CD2B56AC287B53BC64C992E571736C5BA47D72478E1AD237CAF9063D839E9C2A39955339D544C8B33C7370EF8FE847B2E77DF6D967E5EC8DF2678A1B6CBD2E366CD8B0A672CC956F69E3C68D1BE27E5CB648C7DED4B99ABDBF235F063D839E9C2A39955339B57F20CFF24CFBDE1FE9CFD6658F9772D5E996D6AE5DBBD73D8B6DBD2E16179097E2BE5BED111BDD1639E03775F391A4FC9BDBA067D0935325A7722AA7F60FE4599E69DFFB23FFF31D3B7694AD2F6A6A6ADAEBFF68EB95201C95C2063FF83775FEC8574C0B31E819F4E454C9A99CCAA9FD03799667DAF7FEC87F5F09BD91A6B8979E29569D5B9538E8A5B14BEAEAEA8A5FCF9D3B37A9AEAE2ED6CC99338B8F6DDFBEBDCDDFBDE79E7B3AF46F0D1B36ACA2073D39ADCC9CB655DF7CF34DF2E1871F168F2047C622C73D7DE74C4EFFBFBAE3B63BE2882392ABAFBEBAD5C7972D5B965C73CD35C975D75D57FC1C8EBAF1C61B8B155F5F74D145C96DB7DD26A73E772BB2DADA67686DBF2016989567D59E72A6B817A9946B8A376FDEBCDE7CF94E39D2B5B450285C95DDF3B9529BE2D75F7FBDF9EBD8E9CA3F162BFD65035DDC3F3B5F8B162D2A3E27163E88EFDF7FFFFDE2F7713FB7D6FEADB676061D0996D3F6560C8C679D7556327BF6ECE4F8E38F4FD2FFFB3E998DAFEFBEFBEEE6DF59BD7A7572F9E5971733983519F966239EDFBF7F7F672CE4B453EBB4D34E4B1E7AE8A162FE162F5E5CCCD985175E58FC3E6AE1C285C59FAD5BB7AEF8FC934E3A29B9F8E28B9B331C077CD6AF5F5FFC3A3E6723DFA79E7AAA9CCA7359AAE5419BF3CE3B2FB9E4924B9A0FE0C4419F071E78A0F9F9B15F70EDB5D7163F5BB3CFD9F8DDEC73F7CA2BAF4CEAEBEBE5D9FBA3D5F7876B8A7BA9F483E4BB55AB5655CAEAD30B6D91037E53EF35D8652A69D08B9DAC68866380BAECB2CB92A953A7169B8CE79F7FBE79672D1E9B376F5EF3EF1C7DF4D1C59DB26882E3C86ED61CCF9F3F3F0EA4347FDFDA91E2F8FBA28131E8C9696735C6F167EC58452391652C56F08FAC9E71C619A6F1C96945E535F219154D406B67C75A36C5CB972FD714CB73C5D6B1C71E5B6C8A3B72203E6E6DE37397F6BE3FAC3EDD4BC57D8ADF7AEBAD8AB84F71DC17CC16E9F09B7A71DCD0BBE56057C9835EFE4C713412175C7041F311DFEC2C45FEF91B376E2CFE3C6E629EFDECFBEFBF2FFEACAD1DB56C87F0C8238F34E8C969A765370EC8C499B86C5A7EFC2C9AE1952B57BAB64D4E2BA6B2CFC838C8189F93B5B5B5C5A6787F0D42CBA638B2AC2996E79ED0146FDBB6AD98E337DF7CD3E72EED7E7FA48F4DAE84FB14C7BF9DFBFF4EB6F5BA587D7DFDC4F1E3C797BD291E3E7CF8CA7483F7B545DAFDA6DEEF91DFEED21447231C67D74E3CF1C4E24E57F658ECC0E59BE2D8398BE7AF59B3A638852AFF77BCF3CE3B6D4E3FCDA656C799E2EC0C9F414F4E3BEB804EE431A652F7D933453FBE8E1DAF2CAFBFF677FDFEF7BF4F264E9C68E74C4E3BBDE2B3EFCC33CF6C9E6E9ACDC879EAA9A792279F7CB2F9EC71F6D9AB2996E7EEDC14474E23AFF96B8C23F391FDD8BF3DFCF0C38BD3ABB303EFCF3CF38CCF5DEF8F36DF1F69B35C9335A313264C285B6F3472E4C87C537CBDADD7C5D217FCB89B6EBAE997F81029E33D8A37A501FCB1B6B6F6B7B648E7AAA4412FA6A0C4622D7DF65C033C6DDAB4E214EA6CA08A3319D90E5CD618C7EFE407BE58E0287EB74F3B16378AE75C71C515CDD7CF556A636CD0EB1E3B67F11919398AE622DBB1CA7E169703B4F67BF9C5E45A5E571CD77BDA3993D3CEAC9859935D2B9C5F182EFEEFC71C73CC7E1757CA9AE2ECAC5A7CEE664D71FC7D9A62792E779D7BEEB9C58A7D8468724F39E594E61966B1CFD0DAEFC573F30BE4F5C9AD0121CFB466C080017F4873B323B2130B12FFF0C30FE5BE9E7847DA271D63CB94C07DF7DDF7B7F7DE7BAF6C4DF1E38F3FBEAC50283C6D4BF4EC412FA6F3C5CE59D61467D39BA301CEFE8C9FB736DD39AE398E46243B4BDC9E6BE9A2E9CE06C2471F7DD4A027A79D76C638BFB856CC70883FB76EDD6AFAB49C96FD3AE258EC2D6AF2E4C9C5E63666E5640772E2FB4F3EF9A4B9F9CD9AE2682E0E3BECB0E28C87FCB4D358ED3F16321A3A74A89CCA73B79B3E1D198E03F09A620EE08C72F375C5D3A74F2F796F3465CA947C53FC9C2D5222A3468DAA4A07BE9FCB716BA6EDDBB7EFAAAEAEFE7B1C95B1257AC7A0D767CFF4BC6CFA732C98157F4E9A34A9B8C3166726DAFADDA8F6FC1BF95B8864D3B0B326D9A027A79DB9827AD6747497C6414E7B764EE39291C8674C978EE9CF319D3F6B06F2ABF9670B14BEF8E28B6D5E77E94CB13C77E7A638DF046B8A69AFFC14EA5843A494B7666A6C6C2C9EA1CEFEFDB44F3ADB1629A174836F8C69A6A5565757B7C2C5E3BD67D0CBA69B66672AE2CFB875489FFD2CB095AFEC6C725CC7198D6D7C3D68D0A0E2D98CFD0D823155B5E5CF5F7BEDB5E263E79C734E459DD133E8759F9DB398AD901DC4C91A88F8FA84134E686E3C0E39E490E28C87F83E6EC714D572DA74766B906C35F6685EEC9CC96957547C4666979CB4365D3F9AE258F430CE2EEF2FA73105B5A6A6461321CF15DB146707DBF7B73F10637FFEFBEC4E17B1CABA3CD39A3DB766FA386B4C67CC9851B2DE68DCB871CD0D71A15078DDD628B1214386FCCBE0C1839BA2592895B4D1595D5555F5B77EFDFAFDCE16E81D835ED604C419B5FC19E198DE143B5DF1580C7831CD3ACE64C4F598D154B49CFA1C53B163C1985848263B6B17BF73E8A1871657076EEDDF8FC7E2F95F7DF595414F4E3B5C71AD669FDCBD8823A37D72D3F3E2A04FFEBEDBCE14CB69B92BBBB7FB2DB7DCD2E6A26FF999352DEBF4D34F2FDEDB554EE5B9D415E37ADC13BEB5838BF98A7D8AA8B3CF3EBBB89E487C16C7FD8A23FBD9019EF83E9AE4784E5B07E2E59996678BE3CCEDD75F7FDDE5BD51DC1128376D7A57DA149F694B9441DAA8FCE7A449937695621AF5FAF5EBB7C7B4E9FEFDFB5FEA95B713D79BCBA027A7722AA74A4EE559C973E5491BD35959931A07C4BB7261E23888999F369DD6505BA04C62AAC0CD37DFFCD5D4A9539BBAB221DEB469D3EEDADADAF555555523BCEA063D839E414F4EE5544E959CCAB392E74AD3AF5FBFE3D2E67473D6A8C66DBE9A9A9ABAA4218EBBB0585CAB82C492DF03070EDC327DFAF49FBAEA0CF19E86788257DBA0A70C7A722AA772AAE4549E953C57AA42A1707E5A5BB38635AEF98DCBA73A73CA748B33C4B35D5A5A216225E89A9A9AC6679F7D7663675F431C53A69D2136E829839E9CCAA99C2A39956725CFDDE4A4E19FB27B1747C559DD254B961CF42AD363C68CC937C31AE24A3D639C36B06FC4AAD46BD6ACD979B0B75D8A55A663512DD7101BF494414F4EE5544E959CCAB392E7EE247A98B469DD966F62274C9850BCE77B47AC5DBBB6781FE21667878B53A635C415AC50280C4F9BE36F1F7EF8E18FBFF8E28B0E9D39DEB871E3A6FAFAFAA5717638DDD0536C68839E32E8C9A99CCAA992537956F2DC4D4F1A9E9EF634EB5A34B3C99D77DE99BCFCF2CB49DCDE3656A9CEAE3B8E3FA3098EB3CA718FECFBEEBBAF65235C5C65DAA25ADD4434B3E9C61A1B21183264C85F1F7DF4D1C5F3E6CDFB30DDC86BF24DF0962D5BBE4D37FAF24993262D1A3E7CF8CA34383FA64DF5D3311DDBAB68D053063D3995533955722ACF4A9EBB7B5F146B23B53C6B7C2015F72176DBA5EE7BE6F8FC3D0DF2ECB4BEDA737423DBB81BD25A9CD66369F5ADADADFDAD57CCA0A70C7A722AA772AAE4549E953CF72471D22FED77EAF28B70B5B3E2DAE4E7AAABABCFF62A82414F19F4E4544EE554C9A93C2B79EED6E224E09EEB8D1FDB73D2B0E5F4EA0D5555550DE99F93D306FA8658B7C9AB06063D65D0935339955325A7F2ACE419C0A0A70C7A722AA772AAE4549E953C0318F40C7A9A0D3995533955722ACF4A9E010C7A063D3955722AA74A4EE559C9338041CFA027A74A4EE554C9A93CCB3300076FEEDCB90696CAAE1DE9A0B74B4EE5544EE554C9A93C2B7906E8020B162CD8B069D326834B85566363E35FD241EF5339955339955325A7F2ACE419A00BBCFBEEBBD7BCF7DE7BFFF8F6DB6FFFD7205359478063C09B3367CE9AB4AE97533995533955722ACF4A9E01BA48FAA17A554343C3D2988613D7A7A88AA8D8169F1AF0E4544EE554C9A93C2B79060000000000000000000000000000000000000000000000000000000000000000007A9DFF03818A47AD5B4D03300000000049454E44AE426082, '1');

-- ----------------------------
-- Table structure for act_ge_property
-- ----------------------------
DROP TABLE IF EXISTS `act_ge_property`;
CREATE TABLE `act_ge_property` (
  `NAME_` varchar(64) COLLATE utf8_bin NOT NULL,
  `VALUE_` varchar(300) COLLATE utf8_bin DEFAULT NULL,
  `REV_` int(11) DEFAULT NULL,
  PRIMARY KEY (`NAME_`)
) ENGINE=InnoDB DEFAULT CHARSET=utf8 COLLATE=utf8_bin;

-- ----------------------------
-- Records of act_ge_property
-- ----------------------------
INSERT INTO `act_ge_property` VALUES ('cfg.execution-related-entities-count', 'true', '1');
INSERT INTO `act_ge_property` VALUES ('cfg.task-related-entities-count', 'true', '1');
INSERT INTO `act_ge_property` VALUES ('common.schema.version', '6.5.0.1', '1');
INSERT INTO `act_ge_property` VALUES ('entitylink.schema.version', '6.5.0.1', '1');
INSERT INTO `act_ge_property` VALUES ('eventsubscription.schema.version', '6.5.0.1', '1');
INSERT INTO `act_ge_property` VALUES ('identitylink.schema.version', '6.5.0.1', '1');
INSERT INTO `act_ge_property` VALUES ('job.schema.version', '6.5.0.1', '1');
INSERT INTO `act_ge_property` VALUES ('next.dbid', '1', '1');
INSERT INTO `act_ge_property` VALUES ('schema.history', 'create(6.5.0.1)', '1');
INSERT INTO `act_ge_property` VALUES ('schema.version', '6.5.0.1', '1');
INSERT INTO `act_ge_property` VALUES ('task.schema.version', '6.5.0.1', '1');
INSERT INTO `act_ge_property` VALUES ('variable.schema.version', '6.5.0.1', '1');

-- ----------------------------
-- Table structure for act_hi_actinst
-- ----------------------------
DROP TABLE IF EXISTS `act_hi_actinst`;
CREATE TABLE `act_hi_actinst` (
  `ID_` varchar(64) COLLATE utf8_bin NOT NULL,
  `REV_` int(11) DEFAULT '1',
  `PROC_DEF_ID_` varchar(64) COLLATE utf8_bin NOT NULL,
  `PROC_INST_ID_` varchar(64) COLLATE utf8_bin NOT NULL,
  `EXECUTION_ID_` varchar(64) COLLATE utf8_bin NOT NULL,
  `ACT_ID_` varchar(255) COLLATE utf8_bin NOT NULL,
  `TASK_ID_` varchar(64) COLLATE utf8_bin DEFAULT NULL,
  `CALL_PROC_INST_ID_` varchar(64) COLLATE utf8_bin DEFAULT NULL,
  `ACT_NAME_` varchar(255) COLLATE utf8_bin DEFAULT NULL,
  `ACT_TYPE_` varchar(255) COLLATE utf8_bin NOT NULL,
  `ASSIGNEE_` varchar(255) COLLATE utf8_bin DEFAULT NULL,
  `START_TIME_` datetime(3) NOT NULL,
  `END_TIME_` datetime(3) DEFAULT NULL,
  `DURATION_` bigint(20) DEFAULT NULL,
  `DELETE_REASON_` varchar(4000) COLLATE utf8_bin DEFAULT NULL,
  `TENANT_ID_` varchar(255) COLLATE utf8_bin DEFAULT '',
  PRIMARY KEY (`ID_`),
  KEY `ACT_IDX_HI_ACT_INST_START` (`START_TIME_`),
  KEY `ACT_IDX_HI_ACT_INST_END` (`END_TIME_`),
  KEY `ACT_IDX_HI_ACT_INST_PROCINST` (`PROC_INST_ID_`,`ACT_ID_`),
  KEY `ACT_IDX_HI_ACT_INST_EXEC` (`EXECUTION_ID_`,`ACT_ID_`)
) ENGINE=InnoDB DEFAULT CHARSET=utf8 COLLATE=utf8_bin;

-- ----------------------------
-- Records of act_hi_actinst
-- ----------------------------
INSERT INTO `act_hi_actinst` VALUES ('081028bb0c5d11eabfe2dc8b287b3603', '1', 'qingjia:1:08c6668e0ac011eabd62dc8b287b3603', '080ec9270c5d11eabfe2dc8b287b3603', '081001aa0c5d11eabfe2dc8b287b3603', 'startevent1', null, null, 'Start', 'startEvent', null, '2019-11-21 20:47:09.499', '2019-11-21 20:47:09.506', '7', null, 'flow');
INSERT INTO `act_hi_actinst` VALUES ('0811d66c0c5d11eabfe2dc8b287b3603', '1', 'qingjia:1:08c6668e0ac011eabd62dc8b287b3603', '080ec9270c5d11eabfe2dc8b287b3603', '081001aa0c5d11eabfe2dc8b287b3603', 'flow1', null, null, null, 'sequenceFlow', null, '2019-11-21 20:47:09.510', '2019-11-21 20:47:09.510', '0', null, 'flow');
INSERT INTO `act_hi_actinst` VALUES ('0811d66d0c5d11eabfe2dc8b287b3603', '2', 'qingjia:1:08c6668e0ac011eabd62dc8b287b3603', '080ec9270c5d11eabfe2dc8b287b3603', '081001aa0c5d11eabfe2dc8b287b3603', 'usertask1', '0817c9de0c5d11eabfe2dc8b287b3603', null, '提交人', 'userTask', '00000001', '2019-11-21 20:47:09.510', '2019-11-25 15:28:34.564', '326485054', null, 'flow');
INSERT INTO `act_hi_actinst` VALUES ('2499c1240dd611ea8e38dc8b287b3603', '1', 'qingjia:1:08c6668e0ac011eabd62dc8b287b3603', '2497ec600dd611ea8e38dc8b287b3603', '2499c1230dd611ea8e38dc8b287b3603', 'startevent1', null, null, 'Start', 'startEvent', null, '2019-11-23 17:46:37.644', '2019-11-23 17:46:37.653', '9', null, 'flow');
INSERT INTO `act_hi_actinst` VALUES ('249bbcf50dd611ea8e38dc8b287b3603', '1', 'qingjia:1:08c6668e0ac011eabd62dc8b287b3603', '2497ec600dd611ea8e38dc8b287b3603', '2499c1230dd611ea8e38dc8b287b3603', 'flow1', null, null, null, 'sequenceFlow', null, '2019-11-23 17:46:37.657', '2019-11-23 17:46:37.657', '0', null, 'flow');
INSERT INTO `act_hi_actinst` VALUES ('249bbcf60dd611ea8e38dc8b287b3603', '1', 'qingjia:1:08c6668e0ac011eabd62dc8b287b3603', '2497ec600dd611ea8e38dc8b287b3603', '2499c1230dd611ea8e38dc8b287b3603', 'usertask1', '24a1fe870dd611ea8e38dc8b287b3603', null, '提交人', 'userTask', '00000001', '2019-11-23 17:46:37.657', null, null, null, 'flow');
INSERT INTO `act_hi_actinst` VALUES ('2a7f905a0f7311ea9984dc8b287b3603', '1', 'qingjia:1:08c6668e0ac011eabd62dc8b287b3603', '2a7e09b60f7311ea9984dc8b287b3603', '2a7f90590f7311ea9984dc8b287b3603', 'startevent1', null, null, 'Start', 'startEvent', null, '2019-11-25 19:03:09.688', '2019-11-25 19:03:09.694', '6', null, 'flow');
INSERT INTO `act_hi_actinst` VALUES ('2a80efeb0f7311ea9984dc8b287b3603', '1', 'qingjia:1:08c6668e0ac011eabd62dc8b287b3603', '2a7e09b60f7311ea9984dc8b287b3603', '2a7f90590f7311ea9984dc8b287b3603', 'flow1', null, null, null, 'sequenceFlow', null, '2019-11-25 19:03:09.697', '2019-11-25 19:03:09.697', '0', null, 'flow');
INSERT INTO `act_hi_actinst` VALUES ('2a80efec0f7311ea9984dc8b287b3603', '2', 'qingjia:1:08c6668e0ac011eabd62dc8b287b3603', '2a7e09b60f7311ea9984dc8b287b3603', '2a7f90590f7311ea9984dc8b287b3603', 'usertask1', '2a84996d0f7311ea9984dc8b287b3603', null, '提交人', 'userTask', '00000001', '2019-11-25 19:03:09.697', '2019-11-25 19:29:13.749', '1564052', null, 'flow');
INSERT INTO `act_hi_actinst` VALUES ('3059f51c0f5511eabcb8dc8b287b3603', '1', 'qingjia:1:08c6668e0ac011eabd62dc8b287b3603', '080ec9270c5d11eabfe2dc8b287b3603', '081001aa0c5d11eabfe2dc8b287b3603', 'flow2', null, null, null, 'sequenceFlow', null, '2019-11-25 15:28:34.606', '2019-11-25 15:28:34.606', '0', null, 'flow');
INSERT INTO `act_hi_actinst` VALUES ('305bf0ed0f5511eabcb8dc8b287b3603', '1', 'qingjia:1:08c6668e0ac011eabd62dc8b287b3603', '080ec9270c5d11eabfe2dc8b287b3603', '081001aa0c5d11eabfe2dc8b287b3603', 'usertask6', '306a6fde0f5511eabcb8dc8b287b3603', null, '张三', 'userTask', '00000002', '2019-11-25 15:28:34.619', null, null, null, 'flow');
INSERT INTO `act_hi_actinst` VALUES ('7b06f7c30c5c11ea995fdc8b287b3603', '1', 'qingjia:1:08c6668e0ac011eabd62dc8b287b3603', '7b012b5f0c5c11ea995fdc8b287b3603', '7b06d0b20c5c11ea995fdc8b287b3603', 'startevent1', null, null, 'Start', 'startEvent', null, '2019-11-21 20:43:12.880', '2019-11-21 20:43:12.915', '35', null, 'flow');
INSERT INTO `act_hi_actinst` VALUES ('7b0e98e40c5c11ea995fdc8b287b3603', '1', 'qingjia:1:08c6668e0ac011eabd62dc8b287b3603', '7b012b5f0c5c11ea995fdc8b287b3603', '7b06d0b20c5c11ea995fdc8b287b3603', 'flow1', null, null, null, 'sequenceFlow', null, '2019-11-21 20:43:12.930', '2019-11-21 20:43:12.930', '0', null, 'flow');
INSERT INTO `act_hi_actinst` VALUES ('7b0ebff50c5c11ea995fdc8b287b3603', '1', 'qingjia:1:08c6668e0ac011eabd62dc8b287b3603', '7b012b5f0c5c11ea995fdc8b287b3603', '7b06d0b20c5c11ea995fdc8b287b3603', 'usertask1', '7b2862760c5c11ea995fdc8b287b3603', null, '提交人', 'userTask', '00000001', '2019-11-21 20:43:12.931', null, null, null, 'flow');
INSERT INTO `act_hi_actinst` VALUES ('83aa30120f8f11ea988cdc8b287b3603', '1', 'leave:1:308275040f8e11ea988cdc8b287b3603', '932f61e50f8e11ea988cdc8b287b3603', '933221080f8e11ea988cdc8b287b3603', 'flow2', null, null, null, 'sequenceFlow', null, '2019-11-25 22:26:05.193', '2019-11-25 22:26:05.193', '0', null, 'flow');
INSERT INTO `act_hi_actinst` VALUES ('83abddc30f8f11ea988cdc8b287b3603', '2', 'leave:1:308275040f8e11ea988cdc8b287b3603', '932f61e50f8e11ea988cdc8b287b3603', '933221080f8e11ea988cdc8b287b3603', 'usertask6', '83abddc40f8f11ea988cdc8b287b3603', null, '张三', 'userTask', '00000002', '2019-11-25 22:26:05.204', '2019-11-25 22:27:09.029', '63825', null, 'flow');
INSERT INTO `act_hi_actinst` VALUES ('8597212b0f9111ea988cdc8b287b3603', '1', 'qingjia:1:08c6668e0ac011eabd62dc8b287b3603', '2a7e09b60f7311ea9984dc8b287b3603', '2a7f90590f7311ea9984dc8b287b3603', 'flow3', null, null, null, 'sequenceFlow', null, '2019-11-25 22:40:27.417', '2019-11-25 22:40:27.417', '0', null, 'flow');
INSERT INTO `act_hi_actinst` VALUES ('8598a7cc0f9111ea988cdc8b287b3603', '1', 'qingjia:1:08c6668e0ac011eabd62dc8b287b3603', '2a7e09b60f7311ea9984dc8b287b3603', '2a7f90590f7311ea9984dc8b287b3603', 'usertask3', '8598a7cd0f9111ea988cdc8b287b3603', null, '李四', 'userTask', '00000003', '2019-11-25 22:40:27.427', null, null, null, 'flow');
INSERT INTO `act_hi_actinst` VALUES ('933248190f8e11ea988cdc8b287b3603', '1', 'leave:1:308275040f8e11ea988cdc8b287b3603', '932f61e50f8e11ea988cdc8b287b3603', '933221080f8e11ea988cdc8b287b3603', 'startevent1', null, null, 'Start', 'startEvent', null, '2019-11-25 22:19:21.754', '2019-11-25 22:19:21.775', '21', null, 'flow');
INSERT INTO `act_hi_actinst` VALUES ('93368dda0f8e11ea988cdc8b287b3603', '1', 'leave:1:308275040f8e11ea988cdc8b287b3603', '932f61e50f8e11ea988cdc8b287b3603', '933221080f8e11ea988cdc8b287b3603', 'flow1', null, null, null, 'sequenceFlow', null, '2019-11-25 22:19:21.783', '2019-11-25 22:19:21.783', '0', null, 'flow');
INSERT INTO `act_hi_actinst` VALUES ('9336dbfb0f8e11ea988cdc8b287b3603', '2', 'leave:1:308275040f8e11ea988cdc8b287b3603', '932f61e50f8e11ea988cdc8b287b3603', '933221080f8e11ea988cdc8b287b3603', 'usertask1', '933f406c0f8e11ea988cdc8b287b3603', null, '提交人', 'userTask', '00000001', '2019-11-25 22:19:21.784', '2019-11-25 22:26:05.183', '403399', null, 'flow');
INSERT INTO `act_hi_actinst` VALUES ('a9b93ad90f8f11ea988cdc8b287b3603', '1', 'leave:1:308275040f8e11ea988cdc8b287b3603', '932f61e50f8e11ea988cdc8b287b3603', '933221080f8e11ea988cdc8b287b3603', 'flow3', null, null, null, 'sequenceFlow', null, '2019-11-25 22:27:09.045', '2019-11-25 22:27:09.045', '0', null, 'flow');
INSERT INTO `act_hi_actinst` VALUES ('a9ba9a6a0f8f11ea988cdc8b287b3603', '2', 'leave:1:308275040f8e11ea988cdc8b287b3603', '932f61e50f8e11ea988cdc8b287b3603', '933221080f8e11ea988cdc8b287b3603', 'usertask3', 'a9bac17b0f8f11ea988cdc8b287b3603', null, '李四', 'userTask', '00000003', '2019-11-25 22:27:09.054', '2019-11-25 22:28:31.359', '82305', null, 'flow');
INSERT INTO `act_hi_actinst` VALUES ('cec2ecfa0f7611eab4c9dc8b287b3603', '1', 'qingjia:1:08c6668e0ac011eabd62dc8b287b3603', '2a7e09b60f7311ea9984dc8b287b3603', '2a7f90590f7311ea9984dc8b287b3603', 'flow2', null, null, null, 'sequenceFlow', null, '2019-11-25 19:29:13.766', '2019-11-25 19:29:13.766', '0', null, 'flow');
INSERT INTO `act_hi_actinst` VALUES ('cec4c1bb0f7611eab4c9dc8b287b3603', '2', 'qingjia:1:08c6668e0ac011eabd62dc8b287b3603', '2a7e09b60f7311ea9984dc8b287b3603', '2a7f90590f7311ea9984dc8b287b3603', 'usertask6', 'cec9559c0f7611eab4c9dc8b287b3603', null, '张三', 'userTask', '00000002', '2019-11-25 19:29:13.778', '2019-11-25 22:40:27.409', '11473631', null, 'flow');
INSERT INTO `act_hi_actinst` VALUES ('dacb2e400f8f11ea988cdc8b287b3603', '1', 'leave:1:308275040f8e11ea988cdc8b287b3603', '932f61e50f8e11ea988cdc8b287b3603', '933221080f8e11ea988cdc8b287b3603', 'flow4', null, null, null, 'sequenceFlow', null, '2019-11-25 22:28:31.371', '2019-11-25 22:28:31.371', '0', null, 'flow');
INSERT INTO `act_hi_actinst` VALUES ('dacd03010f8f11ea988cdc8b287b3603', '2', 'leave:1:308275040f8e11ea988cdc8b287b3603', '932f61e50f8e11ea988cdc8b287b3603', '933221080f8e11ea988cdc8b287b3603', 'usertask4', 'dacd03020f8f11ea988cdc8b287b3603', null, '王五', 'userTask', '00000004', '2019-11-25 22:28:31.383', '2019-11-25 22:29:14.534', '43151', null, 'flow');
INSERT INTO `act_hi_actinst` VALUES ('f48702a70f8f11ea988cdc8b287b3603', '1', 'leave:1:308275040f8e11ea988cdc8b287b3603', '932f61e50f8e11ea988cdc8b287b3603', '933221080f8e11ea988cdc8b287b3603', 'flow5', null, null, null, 'sequenceFlow', null, '2019-11-25 22:29:14.545', '2019-11-25 22:29:14.545', '0', null, 'flow');
INSERT INTO `act_hi_actinst` VALUES ('f48862380f8f11ea988cdc8b287b3603', '1', 'leave:1:308275040f8e11ea988cdc8b287b3603', '932f61e50f8e11ea988cdc8b287b3603', '933221080f8e11ea988cdc8b287b3603', 'endevent1', null, null, 'End', 'endEvent', null, '2019-11-25 22:29:14.554', '2019-11-25 22:29:14.558', '4', null, 'flow');

-- ----------------------------
-- Table structure for act_hi_attachment
-- ----------------------------
DROP TABLE IF EXISTS `act_hi_attachment`;
CREATE TABLE `act_hi_attachment` (
  `ID_` varchar(64) COLLATE utf8_bin NOT NULL,
  `REV_` int(11) DEFAULT NULL,
  `USER_ID_` varchar(255) COLLATE utf8_bin DEFAULT NULL,
  `NAME_` varchar(255) COLLATE utf8_bin DEFAULT NULL,
  `DESCRIPTION_` varchar(4000) COLLATE utf8_bin DEFAULT NULL,
  `TYPE_` varchar(255) COLLATE utf8_bin DEFAULT NULL,
  `TASK_ID_` varchar(64) COLLATE utf8_bin DEFAULT NULL,
  `PROC_INST_ID_` varchar(64) COLLATE utf8_bin DEFAULT NULL,
  `URL_` varchar(4000) COLLATE utf8_bin DEFAULT NULL,
  `CONTENT_ID_` varchar(64) COLLATE utf8_bin DEFAULT NULL,
  `TIME_` datetime(3) DEFAULT NULL,
  PRIMARY KEY (`ID_`)
) ENGINE=InnoDB DEFAULT CHARSET=utf8 COLLATE=utf8_bin;

-- ----------------------------
-- Records of act_hi_attachment
-- ----------------------------

-- ----------------------------
-- Table structure for act_hi_comment
-- ----------------------------
DROP TABLE IF EXISTS `act_hi_comment`;
CREATE TABLE `act_hi_comment` (
  `ID_` varchar(64) COLLATE utf8_bin NOT NULL,
  `TYPE_` varchar(255) COLLATE utf8_bin DEFAULT NULL,
  `TIME_` datetime(3) NOT NULL,
  `USER_ID_` varchar(255) COLLATE utf8_bin DEFAULT NULL,
  `TASK_ID_` varchar(64) COLLATE utf8_bin DEFAULT NULL,
  `PROC_INST_ID_` varchar(64) COLLATE utf8_bin DEFAULT NULL,
  `ACTION_` varchar(255) COLLATE utf8_bin DEFAULT NULL,
  `MESSAGE_` varchar(4000) COLLATE utf8_bin DEFAULT NULL,
  `FULL_MSG_` longblob,
  PRIMARY KEY (`ID_`)
) ENGINE=InnoDB DEFAULT CHARSET=utf8 COLLATE=utf8_bin;

-- ----------------------------
-- Records of act_hi_comment
-- ----------------------------
INSERT INTO `act_hi_comment` VALUES ('26faf87a0f5511eabcb8dc8b287b3603', 'SP', '2019-11-25 15:28:18.884', '00000001', '0817c9de0c5d11eabfe2dc8b287b3603', '080ec9270c5d11eabfe2dc8b287b3603', 'AddComment', '同意', 0xE5908CE6848F);
INSERT INTO `act_hi_comment` VALUES ('2aaf7a000f7311ea9984dc8b287b3603', 'TJ', '2019-11-25 19:03:10.002', '00000001', null, '2a7e09b60f7311ea9984dc8b287b3603', 'AddComment', '请假流程提交', 0xE8AFB7E58187E6B581E7A88BE68F90E4BAA4);
INSERT INTO `act_hi_comment` VALUES ('8393c1e00f8f11ea988cdc8b287b3603', 'SP', '2019-11-25 22:26:05.046', '00000001', '933f406c0f8e11ea988cdc8b287b3603', '932f61e50f8e11ea988cdc8b287b3603', 'AddComment', '同意', 0xE5908CE6848F);
INSERT INTO `act_hi_comment` VALUES ('85845c790f9111ea988cdc8b287b3603', 'SP', '2019-11-25 22:40:27.294', '00000002', 'cec9559c0f7611eab4c9dc8b287b3603', '2a7e09b60f7311ea9984dc8b287b3603', 'AddComment', '同意', 0xE5908CE6848F);
INSERT INTO `act_hi_comment` VALUES ('9364067f0f8e11ea988cdc8b287b3603', 'TJ', '2019-11-25 22:19:22.075', '00000002', null, '932f61e50f8e11ea988cdc8b287b3603', 'AddComment', '请假流程提交', 0xE8AFB7E58187E6B581E7A88BE68F90E4BAA4);
INSERT INTO `act_hi_comment` VALUES ('a9a564b70f8f11ea988cdc8b287b3603', 'SP', '2019-11-25 22:27:08.915', '00000002', '83abddc40f8f11ea988cdc8b287b3603', '932f61e50f8e11ea988cdc8b287b3603', 'AddComment', '同意', 0xE5908CE6848F);
INSERT INTO `act_hi_comment` VALUES ('ce96acd80f7611eab4c9dc8b287b3603', 'SP', '2019-11-25 19:29:13.476', '00000001', '2a84996d0f7311ea9984dc8b287b3603', '2a7e09b60f7311ea9984dc8b287b3603', 'AddComment', '同意', 0xE5908CE6848F);
INSERT INTO `act_hi_comment` VALUES ('dab7581e0f8f11ea988cdc8b287b3603', 'SP', '2019-11-25 22:28:31.241', '00000003', 'a9bac17b0f8f11ea988cdc8b287b3603', '932f61e50f8e11ea988cdc8b287b3603', 'AddComment', '同意', 0xE5908CE6848F);
INSERT INTO `act_hi_comment` VALUES ('f47157c50f8f11ea988cdc8b287b3603', 'SP', '2019-11-25 22:29:14.403', '00000004', 'dacd03020f8f11ea988cdc8b287b3603', '932f61e50f8e11ea988cdc8b287b3603', 'AddComment', '同意', 0xE5908CE6848F);

-- ----------------------------
-- Table structure for act_hi_detail
-- ----------------------------
DROP TABLE IF EXISTS `act_hi_detail`;
CREATE TABLE `act_hi_detail` (
  `ID_` varchar(64) COLLATE utf8_bin NOT NULL,
  `TYPE_` varchar(255) COLLATE utf8_bin NOT NULL,
  `PROC_INST_ID_` varchar(64) COLLATE utf8_bin DEFAULT NULL,
  `EXECUTION_ID_` varchar(64) COLLATE utf8_bin DEFAULT NULL,
  `TASK_ID_` varchar(64) COLLATE utf8_bin DEFAULT NULL,
  `ACT_INST_ID_` varchar(64) COLLATE utf8_bin DEFAULT NULL,
  `NAME_` varchar(255) COLLATE utf8_bin NOT NULL,
  `VAR_TYPE_` varchar(255) COLLATE utf8_bin DEFAULT NULL,
  `REV_` int(11) DEFAULT NULL,
  `TIME_` datetime(3) NOT NULL,
  `BYTEARRAY_ID_` varchar(64) COLLATE utf8_bin DEFAULT NULL,
  `DOUBLE_` double DEFAULT NULL,
  `LONG_` bigint(20) DEFAULT NULL,
  `TEXT_` varchar(4000) COLLATE utf8_bin DEFAULT NULL,
  `TEXT2_` varchar(4000) COLLATE utf8_bin DEFAULT NULL,
  PRIMARY KEY (`ID_`),
  KEY `ACT_IDX_HI_DETAIL_PROC_INST` (`PROC_INST_ID_`),
  KEY `ACT_IDX_HI_DETAIL_ACT_INST` (`ACT_INST_ID_`),
  KEY `ACT_IDX_HI_DETAIL_TIME` (`TIME_`),
  KEY `ACT_IDX_HI_DETAIL_NAME` (`NAME_`),
  KEY `ACT_IDX_HI_DETAIL_TASK_ID` (`TASK_ID_`)
) ENGINE=InnoDB DEFAULT CHARSET=utf8 COLLATE=utf8_bin;

-- ----------------------------
-- Records of act_hi_detail
-- ----------------------------

-- ----------------------------
-- Table structure for act_hi_entitylink
-- ----------------------------
DROP TABLE IF EXISTS `act_hi_entitylink`;
CREATE TABLE `act_hi_entitylink` (
  `ID_` varchar(64) COLLATE utf8_bin NOT NULL,
  `LINK_TYPE_` varchar(255) COLLATE utf8_bin DEFAULT NULL,
  `CREATE_TIME_` datetime(3) DEFAULT NULL,
  `SCOPE_ID_` varchar(255) COLLATE utf8_bin DEFAULT NULL,
  `SCOPE_TYPE_` varchar(255) COLLATE utf8_bin DEFAULT NULL,
  `SCOPE_DEFINITION_ID_` varchar(255) COLLATE utf8_bin DEFAULT NULL,
  `REF_SCOPE_ID_` varchar(255) COLLATE utf8_bin DEFAULT NULL,
  `REF_SCOPE_TYPE_` varchar(255) COLLATE utf8_bin DEFAULT NULL,
  `REF_SCOPE_DEFINITION_ID_` varchar(255) COLLATE utf8_bin DEFAULT NULL,
  `HIERARCHY_TYPE_` varchar(255) COLLATE utf8_bin DEFAULT NULL,
  PRIMARY KEY (`ID_`),
  KEY `ACT_IDX_HI_ENT_LNK_SCOPE` (`SCOPE_ID_`,`SCOPE_TYPE_`,`LINK_TYPE_`),
  KEY `ACT_IDX_HI_ENT_LNK_SCOPE_DEF` (`SCOPE_DEFINITION_ID_`,`SCOPE_TYPE_`,`LINK_TYPE_`)
) ENGINE=InnoDB DEFAULT CHARSET=utf8 COLLATE=utf8_bin;

-- ----------------------------
-- Records of act_hi_entitylink
-- ----------------------------

-- ----------------------------
-- Table structure for act_hi_identitylink
-- ----------------------------
DROP TABLE IF EXISTS `act_hi_identitylink`;
CREATE TABLE `act_hi_identitylink` (
  `ID_` varchar(64) COLLATE utf8_bin NOT NULL,
  `GROUP_ID_` varchar(255) COLLATE utf8_bin DEFAULT NULL,
  `TYPE_` varchar(255) COLLATE utf8_bin DEFAULT NULL,
  `USER_ID_` varchar(255) COLLATE utf8_bin DEFAULT NULL,
  `TASK_ID_` varchar(64) COLLATE utf8_bin DEFAULT NULL,
  `CREATE_TIME_` datetime(3) DEFAULT NULL,
  `PROC_INST_ID_` varchar(64) COLLATE utf8_bin DEFAULT NULL,
  `SCOPE_ID_` varchar(255) COLLATE utf8_bin DEFAULT NULL,
  `SCOPE_TYPE_` varchar(255) COLLATE utf8_bin DEFAULT NULL,
  `SCOPE_DEFINITION_ID_` varchar(255) COLLATE utf8_bin DEFAULT NULL,
  PRIMARY KEY (`ID_`),
  KEY `ACT_IDX_HI_IDENT_LNK_USER` (`USER_ID_`),
  KEY `ACT_IDX_HI_IDENT_LNK_SCOPE` (`SCOPE_ID_`,`SCOPE_TYPE_`),
  KEY `ACT_IDX_HI_IDENT_LNK_SCOPE_DEF` (`SCOPE_DEFINITION_ID_`,`SCOPE_TYPE_`),
  KEY `ACT_IDX_HI_IDENT_LNK_TASK` (`TASK_ID_`),
  KEY `ACT_IDX_HI_IDENT_LNK_PROCINST` (`PROC_INST_ID_`)
) ENGINE=InnoDB DEFAULT CHARSET=utf8 COLLATE=utf8_bin;

-- ----------------------------
-- Records of act_hi_identitylink
-- ----------------------------
INSERT INTO `act_hi_identitylink` VALUES ('080f17480c5d11eabfe2dc8b287b3603', null, 'starter', '00000001', null, '2019-11-21 20:47:09.494', '080ec9270c5d11eabfe2dc8b287b3603', null, null, null);
INSERT INTO `act_hi_identitylink` VALUES ('081817ff0c5d11eabfe2dc8b287b3603', null, 'assignee', '00000001', '0817c9de0c5d11eabfe2dc8b287b3603', '2019-11-21 20:47:09.551', null, null, null, null);
INSERT INTO `act_hi_identitylink` VALUES ('08183f100c5d11eabfe2dc8b287b3603', null, 'participant', '00000001', null, '2019-11-21 20:47:09.552', '080ec9270c5d11eabfe2dc8b287b3603', null, null, null);
INSERT INTO `act_hi_identitylink` VALUES ('24983a810dd611ea8e38dc8b287b3603', null, 'starter', '00000002', null, '2019-11-23 17:46:37.636', '2497ec600dd611ea8e38dc8b287b3603', null, null, null);
INSERT INTO `act_hi_identitylink` VALUES ('24a3d3480dd611ea8e38dc8b287b3603', null, 'assignee', '00000001', '24a1fe870dd611ea8e38dc8b287b3603', '2019-11-23 17:46:37.710', null, null, null, null);
INSERT INTO `act_hi_identitylink` VALUES ('24a3fa590dd611ea8e38dc8b287b3603', null, 'participant', '00000001', null, '2019-11-23 17:46:37.711', '2497ec600dd611ea8e38dc8b287b3603', null, null, null);
INSERT INTO `act_hi_identitylink` VALUES ('2a7e30c70f7311ea9984dc8b287b3603', null, 'starter', '00000001', null, '2019-11-25 19:03:09.680', '2a7e09b60f7311ea9984dc8b287b3603', null, null, null);
INSERT INTO `act_hi_identitylink` VALUES ('2a850e9e0f7311ea9984dc8b287b3603', null, 'assignee', '00000001', '2a84996d0f7311ea9984dc8b287b3603', '2019-11-25 19:03:09.724', null, null, null, null);
INSERT INTO `act_hi_identitylink` VALUES ('2a850e9f0f7311ea9984dc8b287b3603', null, 'participant', '00000001', null, '2019-11-25 19:03:09.724', '2a7e09b60f7311ea9984dc8b287b3603', null, null, null);
INSERT INTO `act_hi_identitylink` VALUES ('303444ab0f5511eabcb8dc8b287b3603', null, 'participant', '00000001', null, '2019-11-25 15:28:34.412', '080ec9270c5d11eabfe2dc8b287b3603', null, null, null);
INSERT INTO `act_hi_identitylink` VALUES ('306b332f0f5511eabcb8dc8b287b3603', null, 'assignee', '00000002', '306a6fde0f5511eabcb8dc8b287b3603', '2019-11-25 15:28:34.719', null, null, null, null);
INSERT INTO `act_hi_identitylink` VALUES ('306b5a400f5511eabcb8dc8b287b3603', null, 'participant', '00000002', null, '2019-11-25 15:28:34.720', '080ec9270c5d11eabfe2dc8b287b3603', null, null, null);
INSERT INTO `act_hi_identitylink` VALUES ('7b01eeb00c5c11ea995fdc8b287b3603', null, 'starter', '00000001', null, '2019-11-21 20:43:12.855', '7b012b5f0c5c11ea995fdc8b287b3603', null, null, null);
INSERT INTO `act_hi_identitylink` VALUES ('7b29c2070c5c11ea995fdc8b287b3603', null, 'assignee', '00000001', '7b2862760c5c11ea995fdc8b287b3603', '2019-11-21 20:43:13.108', null, null, null, null);
INSERT INTO `act_hi_identitylink` VALUES ('7b29e9180c5c11ea995fdc8b287b3603', null, 'participant', '00000001', null, '2019-11-21 20:43:13.109', '7b012b5f0c5c11ea995fdc8b287b3603', null, null, null);
INSERT INTO `act_hi_identitylink` VALUES ('83a0e1410f8f11ea988cdc8b287b3603', null, 'participant', '00000001', null, '2019-11-25 22:26:05.132', '932f61e50f8e11ea988cdc8b287b3603', null, null, null);
INSERT INTO `act_hi_identitylink` VALUES ('83abddc50f8f11ea988cdc8b287b3603', null, 'assignee', '00000002', '83abddc40f8f11ea988cdc8b287b3603', '2019-11-25 22:26:05.204', null, null, null, null);
INSERT INTO `act_hi_identitylink` VALUES ('83abddc60f8f11ea988cdc8b287b3603', null, 'participant', '00000002', null, '2019-11-25 22:26:05.204', '932f61e50f8e11ea988cdc8b287b3603', null, null, null);
INSERT INTO `act_hi_identitylink` VALUES ('858e207a0f9111ea988cdc8b287b3603', null, 'participant', '00000002', null, '2019-11-25 22:40:27.358', '2a7e09b60f7311ea9984dc8b287b3603', null, null, null);
INSERT INTO `act_hi_identitylink` VALUES ('8598a7ce0f9111ea988cdc8b287b3603', null, 'assignee', '00000003', '8598a7cd0f9111ea988cdc8b287b3603', '2019-11-25 22:40:27.427', null, null, null, null);
INSERT INTO `act_hi_identitylink` VALUES ('8598a7cf0f9111ea988cdc8b287b3603', null, 'participant', '00000003', null, '2019-11-25 22:40:27.427', '2a7e09b60f7311ea9984dc8b287b3603', null, null, null);
INSERT INTO `act_hi_identitylink` VALUES ('932fb0060f8e11ea988cdc8b287b3603', null, 'starter', '00000002', null, '2019-11-25 22:19:21.741', '932f61e50f8e11ea988cdc8b287b3603', null, null, null);
INSERT INTO `act_hi_identitylink` VALUES ('933fb59d0f8e11ea988cdc8b287b3603', null, 'assignee', '00000001', '933f406c0f8e11ea988cdc8b287b3603', '2019-11-25 22:19:21.842', null, null, null, null);
INSERT INTO `act_hi_identitylink` VALUES ('933fb59e0f8e11ea988cdc8b287b3603', null, 'participant', '00000001', null, '2019-11-25 22:19:21.842', '932f61e50f8e11ea988cdc8b287b3603', null, null, null);
INSERT INTO `act_hi_identitylink` VALUES ('a9aeb3880f8f11ea988cdc8b287b3603', null, 'participant', '00000002', null, '2019-11-25 22:27:08.976', '932f61e50f8e11ea988cdc8b287b3603', null, null, null);
INSERT INTO `act_hi_identitylink` VALUES ('a9bae88c0f8f11ea988cdc8b287b3603', null, 'assignee', '00000003', 'a9bac17b0f8f11ea988cdc8b287b3603', '2019-11-25 22:27:09.056', null, null, null, null);
INSERT INTO `act_hi_identitylink` VALUES ('a9bae88d0f8f11ea988cdc8b287b3603', null, 'participant', '00000003', null, '2019-11-25 22:27:09.056', '932f61e50f8e11ea988cdc8b287b3603', null, null, null);
INSERT INTO `act_hi_identitylink` VALUES ('ceb690e90f7611eab4c9dc8b287b3603', null, 'participant', '00000001', null, '2019-11-25 19:29:13.687', '2a7e09b60f7311ea9984dc8b287b3603', null, null, null);
INSERT INTO `act_hi_identitylink` VALUES ('cec9a3bd0f7611eab4c9dc8b287b3603', null, 'assignee', '00000002', 'cec9559c0f7611eab4c9dc8b287b3603', '2019-11-25 19:29:13.810', null, null, null, null);
INSERT INTO `act_hi_identitylink` VALUES ('cec9cace0f7611eab4c9dc8b287b3603', null, 'participant', '00000002', null, '2019-11-25 19:29:13.811', '2a7e09b60f7311ea9984dc8b287b3603', null, null, null);
INSERT INTO `act_hi_identitylink` VALUES ('dac0f50f0f8f11ea988cdc8b287b3603', null, 'participant', '00000003', null, '2019-11-25 22:28:31.304', '932f61e50f8e11ea988cdc8b287b3603', null, null, null);
INSERT INTO `act_hi_identitylink` VALUES ('dacd03030f8f11ea988cdc8b287b3603', null, 'assignee', '00000004', 'dacd03020f8f11ea988cdc8b287b3603', '2019-11-25 22:28:31.383', null, null, null, null);
INSERT INTO `act_hi_identitylink` VALUES ('dacd03040f8f11ea988cdc8b287b3603', null, 'participant', '00000004', null, '2019-11-25 22:28:31.383', '932f61e50f8e11ea988cdc8b287b3603', null, null, null);
INSERT INTO `act_hi_identitylink` VALUES ('f47b42d60f8f11ea988cdc8b287b3603', null, 'participant', '00000004', null, '2019-11-25 22:29:14.468', '932f61e50f8e11ea988cdc8b287b3603', null, null, null);

-- ----------------------------
-- Table structure for act_hi_procinst
-- ----------------------------
DROP TABLE IF EXISTS `act_hi_procinst`;
CREATE TABLE `act_hi_procinst` (
  `ID_` varchar(64) COLLATE utf8_bin NOT NULL,
  `REV_` int(11) DEFAULT '1',
  `PROC_INST_ID_` varchar(64) COLLATE utf8_bin NOT NULL,
  `BUSINESS_KEY_` varchar(255) COLLATE utf8_bin DEFAULT NULL,
  `PROC_DEF_ID_` varchar(64) COLLATE utf8_bin NOT NULL,
  `START_TIME_` datetime(3) NOT NULL,
  `END_TIME_` datetime(3) DEFAULT NULL,
  `DURATION_` bigint(20) DEFAULT NULL,
  `START_USER_ID_` varchar(255) COLLATE utf8_bin DEFAULT NULL,
  `START_ACT_ID_` varchar(255) COLLATE utf8_bin DEFAULT NULL,
  `END_ACT_ID_` varchar(255) COLLATE utf8_bin DEFAULT NULL,
  `SUPER_PROCESS_INSTANCE_ID_` varchar(64) COLLATE utf8_bin DEFAULT NULL,
  `DELETE_REASON_` varchar(4000) COLLATE utf8_bin DEFAULT NULL,
  `TENANT_ID_` varchar(255) COLLATE utf8_bin DEFAULT '',
  `NAME_` varchar(255) COLLATE utf8_bin DEFAULT NULL,
  `CALLBACK_ID_` varchar(255) COLLATE utf8_bin DEFAULT NULL,
  `CALLBACK_TYPE_` varchar(255) COLLATE utf8_bin DEFAULT NULL,
  PRIMARY KEY (`ID_`),
  UNIQUE KEY `PROC_INST_ID_` (`PROC_INST_ID_`),
  KEY `ACT_IDX_HI_PRO_INST_END` (`END_TIME_`),
  KEY `ACT_IDX_HI_PRO_I_BUSKEY` (`BUSINESS_KEY_`)
) ENGINE=InnoDB DEFAULT CHARSET=utf8 COLLATE=utf8_bin;

-- ----------------------------
-- Records of act_hi_procinst
-- ----------------------------
INSERT INTO `act_hi_procinst` VALUES ('080ec9270c5d11eabfe2dc8b287b3603', '1', '080ec9270c5d11eabfe2dc8b287b3603', '8a884c236e8e0074016e8e0074e80000', 'qingjia:1:08c6668e0ac011eabd62dc8b287b3603', '2019-11-21 20:47:09.490', null, null, '00000001', 'startevent1', null, null, null, 'flow', '请假流程', null, null);
INSERT INTO `act_hi_procinst` VALUES ('2497ec600dd611ea8e38dc8b287b3603', '1', '2497ec600dd611ea8e38dc8b287b3603', '8a884c236e97a7f5016e97a7f5e00000', 'qingjia:1:08c6668e0ac011eabd62dc8b287b3603', '2019-11-23 17:46:37.632', null, null, '00000002', 'startevent1', null, null, null, 'flow', '请假流程', null, null);
INSERT INTO `act_hi_procinst` VALUES ('2a7e09b60f7311ea9984dc8b287b3603', '1', '2a7e09b60f7311ea9984dc8b287b3603', '8a884c406ea23ac0016ea23ac01e0000', 'qingjia:1:08c6668e0ac011eabd62dc8b287b3603', '2019-11-25 19:03:09.678', null, null, '00000001', 'startevent1', null, null, null, 'flow', '请假流程', null, null);
INSERT INTO `act_hi_procinst` VALUES ('932f61e50f8e11ea988cdc8b287b3603', '2', '932f61e50f8e11ea988cdc8b287b3603', '8a884c406ea2ee60016ea2ee60d60000', 'leave:1:308275040f8e11ea988cdc8b287b3603', '2019-11-25 22:19:21.735', '2019-11-25 22:29:14.737', '593002', '00000002', 'startevent1', 'endevent1', null, null, 'flow', '请假流程', null, null);

-- ----------------------------
-- Table structure for act_hi_taskinst
-- ----------------------------
DROP TABLE IF EXISTS `act_hi_taskinst`;
CREATE TABLE `act_hi_taskinst` (
  `ID_` varchar(64) COLLATE utf8_bin NOT NULL,
  `REV_` int(11) DEFAULT '1',
  `PROC_DEF_ID_` varchar(64) COLLATE utf8_bin DEFAULT NULL,
  `TASK_DEF_ID_` varchar(64) COLLATE utf8_bin DEFAULT NULL,
  `TASK_DEF_KEY_` varchar(255) COLLATE utf8_bin DEFAULT NULL,
  `PROC_INST_ID_` varchar(64) COLLATE utf8_bin DEFAULT NULL,
  `EXECUTION_ID_` varchar(64) COLLATE utf8_bin DEFAULT NULL,
  `SCOPE_ID_` varchar(255) COLLATE utf8_bin DEFAULT NULL,
  `SUB_SCOPE_ID_` varchar(255) COLLATE utf8_bin DEFAULT NULL,
  `SCOPE_TYPE_` varchar(255) COLLATE utf8_bin DEFAULT NULL,
  `SCOPE_DEFINITION_ID_` varchar(255) COLLATE utf8_bin DEFAULT NULL,
  `NAME_` varchar(255) COLLATE utf8_bin DEFAULT NULL,
  `PARENT_TASK_ID_` varchar(64) COLLATE utf8_bin DEFAULT NULL,
  `DESCRIPTION_` varchar(4000) COLLATE utf8_bin DEFAULT NULL,
  `OWNER_` varchar(255) COLLATE utf8_bin DEFAULT NULL,
  `ASSIGNEE_` varchar(255) COLLATE utf8_bin DEFAULT NULL,
  `START_TIME_` datetime(3) NOT NULL,
  `CLAIM_TIME_` datetime(3) DEFAULT NULL,
  `END_TIME_` datetime(3) DEFAULT NULL,
  `DURATION_` bigint(20) DEFAULT NULL,
  `DELETE_REASON_` varchar(4000) COLLATE utf8_bin DEFAULT NULL,
  `PRIORITY_` int(11) DEFAULT NULL,
  `DUE_DATE_` datetime(3) DEFAULT NULL,
  `FORM_KEY_` varchar(255) COLLATE utf8_bin DEFAULT NULL,
  `CATEGORY_` varchar(255) COLLATE utf8_bin DEFAULT NULL,
  `TENANT_ID_` varchar(255) COLLATE utf8_bin DEFAULT '',
  `LAST_UPDATED_TIME_` datetime(3) DEFAULT NULL,
  PRIMARY KEY (`ID_`),
  KEY `ACT_IDX_HI_TASK_SCOPE` (`SCOPE_ID_`,`SCOPE_TYPE_`),
  KEY `ACT_IDX_HI_TASK_SUB_SCOPE` (`SUB_SCOPE_ID_`,`SCOPE_TYPE_`),
  KEY `ACT_IDX_HI_TASK_SCOPE_DEF` (`SCOPE_DEFINITION_ID_`,`SCOPE_TYPE_`),
  KEY `ACT_IDX_HI_TASK_INST_PROCINST` (`PROC_INST_ID_`)
) ENGINE=InnoDB DEFAULT CHARSET=utf8 COLLATE=utf8_bin;

-- ----------------------------
-- Records of act_hi_taskinst
-- ----------------------------
INSERT INTO `act_hi_taskinst` VALUES ('0817c9de0c5d11eabfe2dc8b287b3603', '2', 'qingjia:1:08c6668e0ac011eabd62dc8b287b3603', null, 'usertask1', '080ec9270c5d11eabfe2dc8b287b3603', '081001aa0c5d11eabfe2dc8b287b3603', null, null, null, null, '提交人', null, null, null, '00000001', '2019-11-21 20:47:09.510', null, '2019-11-25 15:28:34.471', '326484961', null, '50', null, null, null, 'flow', '2019-11-25 15:28:34.471');
INSERT INTO `act_hi_taskinst` VALUES ('24a1fe870dd611ea8e38dc8b287b3603', '1', 'qingjia:1:08c6668e0ac011eabd62dc8b287b3603', null, 'usertask1', '2497ec600dd611ea8e38dc8b287b3603', '2499c1230dd611ea8e38dc8b287b3603', null, null, null, null, '提交人', null, null, null, '00000001', '2019-11-23 17:46:37.657', null, null, null, null, '50', null, null, null, 'flow', '2019-11-23 17:46:37.709');
INSERT INTO `act_hi_taskinst` VALUES ('2a84996d0f7311ea9984dc8b287b3603', '2', 'qingjia:1:08c6668e0ac011eabd62dc8b287b3603', null, 'usertask1', '2a7e09b60f7311ea9984dc8b287b3603', '2a7f90590f7311ea9984dc8b287b3603', null, null, null, null, '提交人', null, null, null, '00000001', '2019-11-25 19:03:09.697', null, '2019-11-25 19:29:13.711', '1564014', null, '50', null, null, null, 'flow', '2019-11-25 19:29:13.711');
INSERT INTO `act_hi_taskinst` VALUES ('306a6fde0f5511eabcb8dc8b287b3603', '1', 'qingjia:1:08c6668e0ac011eabd62dc8b287b3603', null, 'usertask6', '080ec9270c5d11eabfe2dc8b287b3603', '081001aa0c5d11eabfe2dc8b287b3603', null, null, null, null, '张三', null, null, null, '00000002', '2019-11-25 15:28:34.620', null, null, null, null, '50', null, null, null, 'flow', '2019-11-25 15:28:34.719');
INSERT INTO `act_hi_taskinst` VALUES ('83abddc40f8f11ea988cdc8b287b3603', '2', 'leave:1:308275040f8e11ea988cdc8b287b3603', null, 'usertask6', '932f61e50f8e11ea988cdc8b287b3603', '933221080f8e11ea988cdc8b287b3603', null, null, null, null, '张三', null, null, null, '00000002', '2019-11-25 22:26:05.204', null, '2019-11-25 22:27:08.997', '63793', null, '50', null, null, null, 'flow', '2019-11-25 22:27:08.997');
INSERT INTO `act_hi_taskinst` VALUES ('8598a7cd0f9111ea988cdc8b287b3603', '1', 'qingjia:1:08c6668e0ac011eabd62dc8b287b3603', null, 'usertask3', '2a7e09b60f7311ea9984dc8b287b3603', '2a7f90590f7311ea9984dc8b287b3603', null, null, null, null, '李四', null, null, null, '00000003', '2019-11-25 22:40:27.427', null, null, null, null, '50', null, null, null, 'flow', '2019-11-25 22:40:27.427');
INSERT INTO `act_hi_taskinst` VALUES ('933f406c0f8e11ea988cdc8b287b3603', '2', 'leave:1:308275040f8e11ea988cdc8b287b3603', null, 'usertask1', '932f61e50f8e11ea988cdc8b287b3603', '933221080f8e11ea988cdc8b287b3603', null, null, null, null, '提交人', null, null, null, '00000001', '2019-11-25 22:19:21.784', null, '2019-11-25 22:26:05.151', '403367', null, '50', null, null, null, 'flow', '2019-11-25 22:26:05.151');
INSERT INTO `act_hi_taskinst` VALUES ('a9bac17b0f8f11ea988cdc8b287b3603', '2', 'leave:1:308275040f8e11ea988cdc8b287b3603', null, 'usertask3', '932f61e50f8e11ea988cdc8b287b3603', '933221080f8e11ea988cdc8b287b3603', null, null, null, null, '李四', null, null, null, '00000003', '2019-11-25 22:27:09.055', null, '2019-11-25 22:28:31.325', '82270', null, '50', null, null, null, 'flow', '2019-11-25 22:28:31.325');
INSERT INTO `act_hi_taskinst` VALUES ('cec9559c0f7611eab4c9dc8b287b3603', '2', 'qingjia:1:08c6668e0ac011eabd62dc8b287b3603', null, 'usertask6', '2a7e09b60f7311ea9984dc8b287b3603', '2a7f90590f7311ea9984dc8b287b3603', null, null, null, null, '张三', null, null, null, '00000002', '2019-11-25 19:29:13.779', null, '2019-11-25 22:40:27.380', '11473601', null, '50', null, null, null, 'flow', '2019-11-25 22:40:27.380');
INSERT INTO `act_hi_taskinst` VALUES ('dacd03020f8f11ea988cdc8b287b3603', '2', 'leave:1:308275040f8e11ea988cdc8b287b3603', null, 'usertask4', '932f61e50f8e11ea988cdc8b287b3603', '933221080f8e11ea988cdc8b287b3603', null, null, null, null, '王五', null, null, null, '00000004', '2019-11-25 22:28:31.383', null, '2019-11-25 22:29:14.495', '43112', null, '50', null, null, null, 'flow', '2019-11-25 22:29:14.495');

-- ----------------------------
-- Table structure for act_hi_tsk_log
-- ----------------------------
DROP TABLE IF EXISTS `act_hi_tsk_log`;
CREATE TABLE `act_hi_tsk_log` (
  `ID_` bigint(20) NOT NULL AUTO_INCREMENT,
  `TYPE_` varchar(64) COLLATE utf8_bin DEFAULT NULL,
  `TASK_ID_` varchar(64) COLLATE utf8_bin NOT NULL,
  `TIME_STAMP_` timestamp(3) NOT NULL DEFAULT CURRENT_TIMESTAMP(3) ON UPDATE CURRENT_TIMESTAMP(3),
  `USER_ID_` varchar(255) COLLATE utf8_bin DEFAULT NULL,
  `DATA_` varchar(4000) COLLATE utf8_bin DEFAULT NULL,
  `EXECUTION_ID_` varchar(64) COLLATE utf8_bin DEFAULT NULL,
  `PROC_INST_ID_` varchar(64) COLLATE utf8_bin DEFAULT NULL,
  `PROC_DEF_ID_` varchar(64) COLLATE utf8_bin DEFAULT NULL,
  `SCOPE_ID_` varchar(255) COLLATE utf8_bin DEFAULT NULL,
  `SCOPE_DEFINITION_ID_` varchar(255) COLLATE utf8_bin DEFAULT NULL,
  `SUB_SCOPE_ID_` varchar(255) COLLATE utf8_bin DEFAULT NULL,
  `SCOPE_TYPE_` varchar(255) COLLATE utf8_bin DEFAULT NULL,
  `TENANT_ID_` varchar(255) COLLATE utf8_bin DEFAULT '',
  PRIMARY KEY (`ID_`)
) ENGINE=InnoDB DEFAULT CHARSET=utf8 COLLATE=utf8_bin;

-- ----------------------------
-- Records of act_hi_tsk_log
-- ----------------------------

-- ----------------------------
-- Table structure for act_hi_varinst
-- ----------------------------
DROP TABLE IF EXISTS `act_hi_varinst`;
CREATE TABLE `act_hi_varinst` (
  `ID_` varchar(64) COLLATE utf8_bin NOT NULL,
  `REV_` int(11) DEFAULT '1',
  `PROC_INST_ID_` varchar(64) COLLATE utf8_bin DEFAULT NULL,
  `EXECUTION_ID_` varchar(64) COLLATE utf8_bin DEFAULT NULL,
  `TASK_ID_` varchar(64) COLLATE utf8_bin DEFAULT NULL,
  `NAME_` varchar(255) COLLATE utf8_bin NOT NULL,
  `VAR_TYPE_` varchar(100) COLLATE utf8_bin DEFAULT NULL,
  `SCOPE_ID_` varchar(255) COLLATE utf8_bin DEFAULT NULL,
  `SUB_SCOPE_ID_` varchar(255) COLLATE utf8_bin DEFAULT NULL,
  `SCOPE_TYPE_` varchar(255) COLLATE utf8_bin DEFAULT NULL,
  `BYTEARRAY_ID_` varchar(64) COLLATE utf8_bin DEFAULT NULL,
  `DOUBLE_` double DEFAULT NULL,
  `LONG_` bigint(20) DEFAULT NULL,
  `TEXT_` varchar(4000) COLLATE utf8_bin DEFAULT NULL,
  `TEXT2_` varchar(4000) COLLATE utf8_bin DEFAULT NULL,
  `CREATE_TIME_` datetime(3) DEFAULT NULL,
  `LAST_UPDATED_TIME_` datetime(3) DEFAULT NULL,
  PRIMARY KEY (`ID_`),
  KEY `ACT_IDX_HI_PROCVAR_NAME_TYPE` (`NAME_`,`VAR_TYPE_`),
  KEY `ACT_IDX_HI_VAR_SCOPE_ID_TYPE` (`SCOPE_ID_`,`SCOPE_TYPE_`),
  KEY `ACT_IDX_HI_VAR_SUB_ID_TYPE` (`SUB_SCOPE_ID_`,`SCOPE_TYPE_`),
  KEY `ACT_IDX_HI_PROCVAR_PROC_INST` (`PROC_INST_ID_`),
  KEY `ACT_IDX_HI_PROCVAR_TASK_ID` (`TASK_ID_`),
  KEY `ACT_IDX_HI_PROCVAR_EXE` (`EXECUTION_ID_`)
) ENGINE=InnoDB DEFAULT CHARSET=utf8 COLLATE=utf8_bin;

-- ----------------------------
-- Records of act_hi_varinst
-- ----------------------------
INSERT INTO `act_hi_varinst` VALUES ('080fb3890c5d11eabfe2dc8b287b3603', '0', '080ec9270c5d11eabfe2dc8b287b3603', '080ec9270c5d11eabfe2dc8b287b3603', null, 'days', 'integer', null, null, null, null, null, '2', '2', null, '2019-11-21 20:47:09.498', '2019-11-21 20:47:09.498');
INSERT INTO `act_hi_varinst` VALUES ('2498fdd20dd611ea8e38dc8b287b3603', '0', '2497ec600dd611ea8e38dc8b287b3603', '2497ec600dd611ea8e38dc8b287b3603', null, 'days', 'integer', null, null, null, null, null, '1', '1', null, '2019-11-23 17:46:37.642', '2019-11-23 17:46:37.642');
INSERT INTO `act_hi_varinst` VALUES ('2a7ecd080f7311ea9984dc8b287b3603', '0', '2a7e09b60f7311ea9984dc8b287b3603', '2a7e09b60f7311ea9984dc8b287b3603', null, 'days', 'integer', null, null, null, null, null, '1', '1', null, '2019-11-25 19:03:09.686', '2019-11-25 19:03:09.686');
INSERT INTO `act_hi_varinst` VALUES ('9330e8870f8e11ea988cdc8b287b3603', '0', '932f61e50f8e11ea988cdc8b287b3603', '932f61e50f8e11ea988cdc8b287b3603', null, 'days', 'integer', null, null, null, null, null, '2', '2', null, '2019-11-25 22:19:21.750', '2019-11-25 22:19:21.750');

-- ----------------------------
-- Table structure for act_id_bytearray
-- ----------------------------
DROP TABLE IF EXISTS `act_id_bytearray`;
CREATE TABLE `act_id_bytearray` (
  `ID_` varchar(64) COLLATE utf8_bin NOT NULL,
  `REV_` int(11) DEFAULT NULL,
  `NAME_` varchar(255) COLLATE utf8_bin DEFAULT NULL,
  `BYTES_` longblob,
  PRIMARY KEY (`ID_`)
) ENGINE=InnoDB DEFAULT CHARSET=utf8 COLLATE=utf8_bin;

-- ----------------------------
-- Records of act_id_bytearray
-- ----------------------------

-- ----------------------------
-- Table structure for act_id_group
-- ----------------------------
DROP TABLE IF EXISTS `act_id_group`;
CREATE TABLE `act_id_group` (
  `ID_` varchar(64) COLLATE utf8_bin NOT NULL,
  `REV_` int(11) DEFAULT NULL,
  `NAME_` varchar(255) COLLATE utf8_bin DEFAULT NULL,
  `TYPE_` varchar(255) COLLATE utf8_bin DEFAULT NULL,
  PRIMARY KEY (`ID_`)
) ENGINE=InnoDB DEFAULT CHARSET=utf8 COLLATE=utf8_bin;

-- ----------------------------
-- Records of act_id_group
-- ----------------------------

-- ----------------------------
-- Table structure for act_id_info
-- ----------------------------
DROP TABLE IF EXISTS `act_id_info`;
CREATE TABLE `act_id_info` (
  `ID_` varchar(64) COLLATE utf8_bin NOT NULL,
  `REV_` int(11) DEFAULT NULL,
  `USER_ID_` varchar(64) COLLATE utf8_bin DEFAULT NULL,
  `TYPE_` varchar(64) COLLATE utf8_bin DEFAULT NULL,
  `KEY_` varchar(255) COLLATE utf8_bin DEFAULT NULL,
  `VALUE_` varchar(255) COLLATE utf8_bin DEFAULT NULL,
  `PASSWORD_` longblob,
  `PARENT_ID_` varchar(255) COLLATE utf8_bin DEFAULT NULL,
  PRIMARY KEY (`ID_`)
) ENGINE=InnoDB DEFAULT CHARSET=utf8 COLLATE=utf8_bin;

-- ----------------------------
-- Records of act_id_info
-- ----------------------------
INSERT INTO `act_id_info` VALUES ('40b385ad0ad511eaa975dc8b287b3603', '2', '00000001', 'userinfo', 'age', '34', null, null);

-- ----------------------------
-- Table structure for act_id_membership
-- ----------------------------
DROP TABLE IF EXISTS `act_id_membership`;
CREATE TABLE `act_id_membership` (
  `USER_ID_` varchar(64) COLLATE utf8_bin NOT NULL,
  `GROUP_ID_` varchar(64) COLLATE utf8_bin NOT NULL,
  PRIMARY KEY (`USER_ID_`,`GROUP_ID_`),
  KEY `ACT_FK_MEMB_GROUP` (`GROUP_ID_`),
  CONSTRAINT `ACT_FK_MEMB_GROUP` FOREIGN KEY (`GROUP_ID_`) REFERENCES `act_id_group` (`ID_`),
  CONSTRAINT `ACT_FK_MEMB_USER` FOREIGN KEY (`USER_ID_`) REFERENCES `act_id_user` (`ID_`)
) ENGINE=InnoDB DEFAULT CHARSET=utf8 COLLATE=utf8_bin;

-- ----------------------------
-- Records of act_id_membership
-- ----------------------------

-- ----------------------------
-- Table structure for act_id_priv
-- ----------------------------
DROP TABLE IF EXISTS `act_id_priv`;
CREATE TABLE `act_id_priv` (
  `ID_` varchar(64) COLLATE utf8_bin NOT NULL,
  `NAME_` varchar(255) COLLATE utf8_bin NOT NULL,
  PRIMARY KEY (`ID_`),
  UNIQUE KEY `ACT_UNIQ_PRIV_NAME` (`NAME_`)
) ENGINE=InnoDB DEFAULT CHARSET=utf8 COLLATE=utf8_bin;

-- ----------------------------
-- Records of act_id_priv
-- ----------------------------
INSERT INTO `act_id_priv` VALUES ('7cb1b95005db11eab327dc8b287b3603', 'access-admin');
INSERT INTO `act_id_priv` VALUES ('7cade8be05db11eab327dc8b287b3603', 'access-idm');
INSERT INTO `act_id_priv` VALUES ('7cb4516205db11eab327dc8b287b3603', 'access-modeler');
INSERT INTO `act_id_priv` VALUES ('7cb95a7605db11eab327dc8b287b3603', 'access-rest-api');
INSERT INTO `act_id_priv` VALUES ('7cb6e97405db11eab327dc8b287b3603', 'access-task');

-- ----------------------------
-- Table structure for act_id_priv_mapping
-- ----------------------------
DROP TABLE IF EXISTS `act_id_priv_mapping`;
CREATE TABLE `act_id_priv_mapping` (
  `ID_` varchar(64) COLLATE utf8_bin NOT NULL,
  `PRIV_ID_` varchar(64) COLLATE utf8_bin NOT NULL,
  `USER_ID_` varchar(255) COLLATE utf8_bin DEFAULT NULL,
  `GROUP_ID_` varchar(255) COLLATE utf8_bin DEFAULT NULL,
  PRIMARY KEY (`ID_`),
  KEY `ACT_FK_PRIV_MAPPING` (`PRIV_ID_`),
  KEY `ACT_IDX_PRIV_USER` (`USER_ID_`),
  KEY `ACT_IDX_PRIV_GROUP` (`GROUP_ID_`),
  CONSTRAINT `ACT_FK_PRIV_MAPPING` FOREIGN KEY (`PRIV_ID_`) REFERENCES `act_id_priv` (`ID_`)
) ENGINE=InnoDB DEFAULT CHARSET=utf8 COLLATE=utf8_bin;

-- ----------------------------
-- Records of act_id_priv_mapping
-- ----------------------------
INSERT INTO `act_id_priv_mapping` VALUES ('7cb032af05db11eab327dc8b287b3603', '7cade8be05db11eab327dc8b287b3603', 'admin', null);
INSERT INTO `act_id_priv_mapping` VALUES ('7cb3670105db11eab327dc8b287b3603', '7cb1b95005db11eab327dc8b287b3603', 'admin', null);
INSERT INTO `act_id_priv_mapping` VALUES ('7cb5ff1305db11eab327dc8b287b3603', '7cb4516205db11eab327dc8b287b3603', 'admin', null);
INSERT INTO `act_id_priv_mapping` VALUES ('7cb8701505db11eab327dc8b287b3603', '7cb6e97405db11eab327dc8b287b3603', 'admin', null);
INSERT INTO `act_id_priv_mapping` VALUES ('7cba92f705db11eab327dc8b287b3603', '7cb95a7605db11eab327dc8b287b3603', 'admin', null);
INSERT INTO `act_id_priv_mapping` VALUES ('fc5eb2150db411eaa1d4dc8b287b3603', '7cade8be05db11eab327dc8b287b3603', '00000001', null);
INSERT INTO `act_id_priv_mapping` VALUES ('fc7df9e60db411eaa1d4dc8b287b3603', '7cade8be05db11eab327dc8b287b3603', '00000002', null);
INSERT INTO `act_id_priv_mapping` VALUES ('fca000d70db411eaa1d4dc8b287b3603', '7cade8be05db11eab327dc8b287b3603', '00000003', null);
INSERT INTO `act_id_priv_mapping` VALUES ('fcbf21980db411eaa1d4dc8b287b3603', '7cade8be05db11eab327dc8b287b3603', '00000004', null);

-- ----------------------------
-- Table structure for act_id_property
-- ----------------------------
DROP TABLE IF EXISTS `act_id_property`;
CREATE TABLE `act_id_property` (
  `NAME_` varchar(64) COLLATE utf8_bin NOT NULL,
  `VALUE_` varchar(300) COLLATE utf8_bin DEFAULT NULL,
  `REV_` int(11) DEFAULT NULL,
  PRIMARY KEY (`NAME_`)
) ENGINE=InnoDB DEFAULT CHARSET=utf8 COLLATE=utf8_bin;

-- ----------------------------
-- Records of act_id_property
-- ----------------------------
INSERT INTO `act_id_property` VALUES ('schema.version', '6.5.0.1', '1');

-- ----------------------------
-- Table structure for act_id_token
-- ----------------------------
DROP TABLE IF EXISTS `act_id_token`;
CREATE TABLE `act_id_token` (
  `ID_` varchar(64) COLLATE utf8_bin NOT NULL,
  `REV_` int(11) DEFAULT NULL,
  `TOKEN_VALUE_` varchar(255) COLLATE utf8_bin DEFAULT NULL,
  `TOKEN_DATE_` timestamp(3) NOT NULL DEFAULT CURRENT_TIMESTAMP(3) ON UPDATE CURRENT_TIMESTAMP(3),
  `IP_ADDRESS_` varchar(255) COLLATE utf8_bin DEFAULT NULL,
  `USER_AGENT_` varchar(255) COLLATE utf8_bin DEFAULT NULL,
  `USER_ID_` varchar(255) COLLATE utf8_bin DEFAULT NULL,
  `TOKEN_DATA_` varchar(2000) COLLATE utf8_bin DEFAULT NULL,
  PRIMARY KEY (`ID_`)
) ENGINE=InnoDB DEFAULT CHARSET=utf8 COLLATE=utf8_bin;

-- ----------------------------
-- Records of act_id_token
-- ----------------------------
INSERT INTO `act_id_token` VALUES ('0PM0Ihdi2PtV2Kxqb6gH8Q==', '1', 'fiG2AOlaCEfjQYNKhnoCIg==', '2019-11-23 13:49:50.715', '127.0.0.1', 'Mozilla/5.0 (Windows NT 6.1; Win64; x64) AppleWebKit/537.36 (KHTML, like Gecko) Chrome/74.0.3729.157 Safari/537.36', '00000001', null);
INSERT INTO `act_id_token` VALUES ('4RBFy1k23d2AgsQYP4vzIg==', '1', 's5eHDg58WqQbtCHqfptTnw==', '2019-11-25 10:40:16.028', '127.0.0.1', 'Mozilla/5.0 (Windows NT 6.1; Win64; x64) AppleWebKit/537.36 (KHTML, like Gecko) Chrome/74.0.3729.157 Safari/537.36', '00000001', null);
INSERT INTO `act_id_token` VALUES ('68IjVM521DLK2ZeOX0oWUQ==', '1', 'UNv25gnvnQDVxLAAixXS1Q==', '2019-11-19 22:25:28.883', '127.0.0.1', 'Mozilla/5.0 (Windows NT 6.1; Win64; x64) AppleWebKit/537.36 (KHTML, like Gecko) Chrome/74.0.3729.157 Safari/537.36', 'admin', null);
INSERT INTO `act_id_token` VALUES ('7focAHgdxuFbxtB8EvHkPw==', '1', 'gyZWLb0EfkHDSHoAhB99jg==', '2019-11-20 18:16:22.856', '127.0.0.1', 'Mozilla/5.0 (Windows NT 6.1; Win64; x64) AppleWebKit/537.36 (KHTML, like Gecko) Chrome/74.0.3729.157 Safari/537.36', 'admin', null);
INSERT INTO `act_id_token` VALUES ('BgxT1jIt9iT4nSxrNf2WfA==', '1', 'h8U5bO2E77jSIYASGl3vuw==', '2019-11-19 22:25:26.614', '127.0.0.1', 'Mozilla/5.0 (Windows NT 6.1; Win64; x64) AppleWebKit/537.36 (KHTML, like Gecko) Chrome/74.0.3729.157 Safari/537.36', 'admin', null);
INSERT INTO `act_id_token` VALUES ('ChXz7iSe9ixYIVsQ0uiPBg==', '1', '8ftEBWDEXlBrvnXVhDSMSA==', '2019-11-19 19:25:58.442', '127.0.0.1', 'Mozilla/5.0 (Windows NT 6.1; Win64; x64) AppleWebKit/537.36 (KHTML, like Gecko) Chrome/74.0.3729.157 Safari/537.36', 'admin', null);
INSERT INTO `act_id_token` VALUES ('EyhxnyYAaHcBPnxZE62c6w==', '1', '66buvcY+2bxD2fpZC6dCRA==', '2019-11-23 13:26:32.417', '127.0.0.1', 'Mozilla/5.0 (Windows NT 6.1; WOW64) AppleWebKit/537.36 (KHTML, like Gecko) Chrome/55.0.2883.87 Safari/537.36', 'admin', null);
INSERT INTO `act_id_token` VALUES ('FrOSmsb+SaY4dWELfpZ7+Q==', '1', 'qEvhoSOoCyzpV1MqJOVCTA==', '2019-11-19 18:54:59.442', '127.0.0.1', 'Mozilla/5.0 (Windows NT 6.1; WOW64) AppleWebKit/537.36 (KHTML, like Gecko) Chrome/55.0.2883.87 Safari/537.36', 'admin', null);
INSERT INTO `act_id_token` VALUES ('Mh0XfCk6gAsSrtKJE9pFdA==', '1', 'lhMhhB84t8ZMmx2wtcPw2Q==', '2019-11-20 18:16:20.949', '127.0.0.1', 'Mozilla/5.0 (Windows NT 6.1; Win64; x64) AppleWebKit/537.36 (KHTML, like Gecko) Chrome/74.0.3729.157 Safari/537.36', 'admin', null);
INSERT INTO `act_id_token` VALUES ('Omibp599X35UNVsGM519Rw==', '1', 'ZYuWoBOR0pDHymnijdJpaA==', '2019-11-23 16:58:39.971', '127.0.0.1', 'Mozilla/5.0 (Windows NT 6.1; Win64; x64) AppleWebKit/537.36 (KHTML, like Gecko) Chrome/74.0.3729.157 Safari/537.36', '00000001', null);
INSERT INTO `act_id_token` VALUES ('P3yPRJ8ndzQ9ZPPE08X1Qw==', '1', 'm1et0gd2LhfW4Ag29ad08Q==', '2019-11-23 18:07:56.197', '127.0.0.1', 'Mozilla/5.0 (Windows NT 6.1; Win64; x64) AppleWebKit/537.36 (KHTML, like Gecko) Chrome/74.0.3729.157 Safari/537.36', '00000001', null);
INSERT INTO `act_id_token` VALUES ('R9xwt0QOuMfEZsZHixRO5w==', '1', 'BBzlpObL1ffecgrV7kPWKQ==', '2019-11-19 19:25:51.326', '127.0.0.1', 'Mozilla/5.0 (Windows NT 6.1; Win64; x64) AppleWebKit/537.36 (KHTML, like Gecko) Chrome/74.0.3729.157 Safari/537.36', 'admin', null);
INSERT INTO `act_id_token` VALUES ('c+URJgAAKywdZ00zNPlvUg==', '1', 'wcxGdDIFMbInBXnyfJ6auQ==', '2019-11-25 22:38:19.904', '127.0.0.1', 'Mozilla/5.0 (Windows NT 6.1; Win64; x64) AppleWebKit/537.36 (KHTML, like Gecko) Chrome/74.0.3729.157 Safari/537.36', '00000002', null);
INSERT INTO `act_id_token` VALUES ('dUcpZpOUcWrwVxHxXviiBg==', '1', '9svYsAQbK1bBtXI0zWZEfw==', '2019-11-25 11:05:05.328', '127.0.0.1', 'Mozilla/5.0 (Windows NT 6.1; Win64; x64) AppleWebKit/537.36 (KHTML, like Gecko) Chrome/74.0.3729.157 Safari/537.36', '00000001', null);
INSERT INTO `act_id_token` VALUES ('h+JzUXMpEcaoszLgbKODLg==', '1', 'YmtVk3XNpIyramxAMhEcMA==', '2019-11-19 18:54:52.097', '127.0.0.1', 'Mozilla/5.0 (Windows NT 6.1; WOW64) AppleWebKit/537.36 (KHTML, like Gecko) Chrome/55.0.2883.87 Safari/537.36', 'admin', null);
INSERT INTO `act_id_token` VALUES ('hFJJiqNenKEcXi9a+8WiJA==', '1', 'SzfzY7jQwoS1lvKnc2K46g==', '2019-11-21 17:06:03.821', '127.0.0.1', 'Mozilla/5.0 (Windows NT 6.1; Win64; x64) AppleWebKit/537.36 (KHTML, like Gecko) Chrome/74.0.3729.157 Safari/537.36', 'admin', null);
INSERT INTO `act_id_token` VALUES ('ntWVI6+MXQcGSC4IU4eyOw==', '1', 'gmUpOPvjE6pN3jIEcorBRw==', '2019-11-21 17:06:01.072', '127.0.0.1', 'Mozilla/5.0 (Windows NT 6.1; Win64; x64) AppleWebKit/537.36 (KHTML, like Gecko) Chrome/74.0.3729.157 Safari/537.36', 'admin', null);
INSERT INTO `act_id_token` VALUES ('pMbMcLpTpZD+eY8eaesUdQ==', '1', 'raGFXgn6+pYnj6MR7OktmA==', '2019-11-21 21:10:58.143', '127.0.0.1', 'Mozilla/5.0 (Windows NT 6.1; WOW64) AppleWebKit/537.36 (KHTML, like Gecko) Chrome/55.0.2883.87 Safari/537.36', 'admin', null);
INSERT INTO `act_id_token` VALUES ('w+LdGl2b6t1dSdY8iS6+eQ==', '1', 'BGMLQ45zS75D5oj7R1PaiA==', '2019-11-25 21:28:07.787', '127.0.0.1', 'Mozilla/5.0 (Windows NT 6.1; WOW64) AppleWebKit/537.36 (KHTML, like Gecko) Chrome/55.0.2883.87 Safari/537.36', 'admin', null);
INSERT INTO `act_id_token` VALUES ('xSKqoJcms8bghwW2TiSDjA==', '1', 'IuDf4BhaTWzPXNFHwXl3CA==', '2019-11-24 15:42:36.406', '127.0.0.1', 'Mozilla/5.0 (Windows NT 6.1; WOW64) AppleWebKit/537.36 (KHTML, like Gecko) Chrome/55.0.2883.87 Safari/537.36', 'admin', null);

-- ----------------------------
-- Table structure for act_id_user
-- ----------------------------
DROP TABLE IF EXISTS `act_id_user`;
CREATE TABLE `act_id_user` (
  `ID_` varchar(64) COLLATE utf8_bin NOT NULL,
  `REV_` int(11) DEFAULT NULL,
  `FIRST_` varchar(255) COLLATE utf8_bin DEFAULT NULL,
  `LAST_` varchar(255) COLLATE utf8_bin DEFAULT NULL,
  `DISPLAY_NAME_` varchar(255) COLLATE utf8_bin DEFAULT NULL,
  `EMAIL_` varchar(255) COLLATE utf8_bin DEFAULT NULL,
  `PWD_` varchar(255) COLLATE utf8_bin DEFAULT NULL,
  `PICTURE_ID_` varchar(64) COLLATE utf8_bin DEFAULT NULL,
  `TENANT_ID_` varchar(255) COLLATE utf8_bin DEFAULT '',
  PRIMARY KEY (`ID_`)
) ENGINE=InnoDB DEFAULT CHARSET=utf8 COLLATE=utf8_bin;

-- ----------------------------
-- Records of act_id_user
-- ----------------------------
INSERT INTO `act_id_user` VALUES ('00000001', '2', '军哥', '军哥', null, '军哥@qq.com', '$2a$10$5DPO5NwLz1FPLt/3PczT0O6Z4rFE0ymq6XVh70UcDb4MzdW9AX5vi', null, null);
INSERT INTO `act_id_user` VALUES ('00000002', '2', '张三', '张三', null, '张三@qq.com', '$2a$10$W2KsNrZV9cdMPLTD1O5AnOiNtRciSzoRbe1gS.rKykjwVofR0vZ3q', null, null);
INSERT INTO `act_id_user` VALUES ('00000003', '2', '李四', '李四', null, '李四@qq.com', '$2a$10$DjuId9btXBpqEIkVXK5uEentpNYHy5qtzClTzH9EdYDCZ45oDTcXa', null, null);
INSERT INTO `act_id_user` VALUES ('00000004', '2', '王五', '王五', null, '王五@qq.com', '$2a$10$1CWSWilV3bjCkTzpStzNo.t7LvVeJ3VbrbQI6BhwGK0FjVywrGTbe', null, null);
INSERT INTO `act_id_user` VALUES ('admin', '1', 'admin', 'admin', null, null, '$2a$10$3bAePn80TtFEQGjRnpBdxeP.VUlD3pi2nyHOrYcJaT2JC8OecsrHe', null, null);

-- ----------------------------
-- Table structure for act_procdef_info
-- ----------------------------
DROP TABLE IF EXISTS `act_procdef_info`;
CREATE TABLE `act_procdef_info` (
  `ID_` varchar(64) COLLATE utf8_bin NOT NULL,
  `PROC_DEF_ID_` varchar(64) COLLATE utf8_bin NOT NULL,
  `REV_` int(11) DEFAULT NULL,
  `INFO_JSON_ID_` varchar(64) COLLATE utf8_bin DEFAULT NULL,
  PRIMARY KEY (`ID_`),
  UNIQUE KEY `ACT_UNIQ_INFO_PROCDEF` (`PROC_DEF_ID_`),
  KEY `ACT_IDX_INFO_PROCDEF` (`PROC_DEF_ID_`),
  KEY `ACT_FK_INFO_JSON_BA` (`INFO_JSON_ID_`),
  CONSTRAINT `ACT_FK_INFO_JSON_BA` FOREIGN KEY (`INFO_JSON_ID_`) REFERENCES `act_ge_bytearray` (`ID_`),
  CONSTRAINT `ACT_FK_INFO_PROCDEF` FOREIGN KEY (`PROC_DEF_ID_`) REFERENCES `act_re_procdef` (`ID_`)
) ENGINE=InnoDB DEFAULT CHARSET=utf8 COLLATE=utf8_bin;

-- ----------------------------
-- Records of act_procdef_info
-- ----------------------------

-- ----------------------------
-- Table structure for act_re_deployment
-- ----------------------------
DROP TABLE IF EXISTS `act_re_deployment`;
CREATE TABLE `act_re_deployment` (
  `ID_` varchar(64) COLLATE utf8_bin NOT NULL,
  `NAME_` varchar(255) COLLATE utf8_bin DEFAULT NULL,
  `CATEGORY_` varchar(255) COLLATE utf8_bin DEFAULT NULL,
  `KEY_` varchar(255) COLLATE utf8_bin DEFAULT NULL,
  `TENANT_ID_` varchar(255) COLLATE utf8_bin DEFAULT '',
  `DEPLOY_TIME_` timestamp(3) NULL DEFAULT NULL,
  `DERIVED_FROM_` varchar(64) COLLATE utf8_bin DEFAULT NULL,
  `DERIVED_FROM_ROOT_` varchar(64) COLLATE utf8_bin DEFAULT NULL,
  `PARENT_DEPLOYMENT_ID_` varchar(255) COLLATE utf8_bin DEFAULT NULL,
  `ENGINE_VERSION_` varchar(255) COLLATE utf8_bin DEFAULT NULL,
  PRIMARY KEY (`ID_`)
) ENGINE=InnoDB DEFAULT CHARSET=utf8 COLLATE=utf8_bin;

-- ----------------------------
-- Records of act_re_deployment
-- ----------------------------
INSERT INTO `act_re_deployment` VALUES ('0617732b0ac011eabd62dc8b287b3603', '请假', '1000', 'qingjia', 'flow', '2019-11-19 19:30:44.041', null, null, null, null);
INSERT INTO `act_re_deployment` VALUES ('301f6d710f8e11ea988cdc8b287b3603', '请假', '1000', 'leave', 'flow', '2019-11-25 22:16:35.536', null, null, null, null);

-- ----------------------------
-- Table structure for act_re_model
-- ----------------------------
DROP TABLE IF EXISTS `act_re_model`;
CREATE TABLE `act_re_model` (
  `ID_` varchar(64) COLLATE utf8_bin NOT NULL,
  `REV_` int(11) DEFAULT NULL,
  `NAME_` varchar(255) COLLATE utf8_bin DEFAULT NULL,
  `KEY_` varchar(255) COLLATE utf8_bin DEFAULT NULL,
  `CATEGORY_` varchar(255) COLLATE utf8_bin DEFAULT NULL,
  `CREATE_TIME_` timestamp(3) NULL DEFAULT NULL,
  `LAST_UPDATE_TIME_` timestamp(3) NULL DEFAULT NULL,
  `VERSION_` int(11) DEFAULT NULL,
  `META_INFO_` varchar(4000) COLLATE utf8_bin DEFAULT NULL,
  `DEPLOYMENT_ID_` varchar(64) COLLATE utf8_bin DEFAULT NULL,
  `EDITOR_SOURCE_VALUE_ID_` varchar(64) COLLATE utf8_bin DEFAULT NULL,
  `EDITOR_SOURCE_EXTRA_VALUE_ID_` varchar(64) COLLATE utf8_bin DEFAULT NULL,
  `TENANT_ID_` varchar(255) COLLATE utf8_bin DEFAULT '',
  PRIMARY KEY (`ID_`),
  KEY `ACT_FK_MODEL_SOURCE` (`EDITOR_SOURCE_VALUE_ID_`),
  KEY `ACT_FK_MODEL_SOURCE_EXTRA` (`EDITOR_SOURCE_EXTRA_VALUE_ID_`),
  KEY `ACT_FK_MODEL_DEPLOYMENT` (`DEPLOYMENT_ID_`),
  CONSTRAINT `ACT_FK_MODEL_DEPLOYMENT` FOREIGN KEY (`DEPLOYMENT_ID_`) REFERENCES `act_re_deployment` (`ID_`),
  CONSTRAINT `ACT_FK_MODEL_SOURCE` FOREIGN KEY (`EDITOR_SOURCE_VALUE_ID_`) REFERENCES `act_ge_bytearray` (`ID_`),
  CONSTRAINT `ACT_FK_MODEL_SOURCE_EXTRA` FOREIGN KEY (`EDITOR_SOURCE_EXTRA_VALUE_ID_`) REFERENCES `act_ge_bytearray` (`ID_`)
) ENGINE=InnoDB DEFAULT CHARSET=utf8 COLLATE=utf8_bin;

-- ----------------------------
-- Records of act_re_model
-- ----------------------------

-- ----------------------------
-- Table structure for act_re_procdef
-- ----------------------------
DROP TABLE IF EXISTS `act_re_procdef`;
CREATE TABLE `act_re_procdef` (
  `ID_` varchar(64) COLLATE utf8_bin NOT NULL,
  `REV_` int(11) DEFAULT NULL,
  `CATEGORY_` varchar(255) COLLATE utf8_bin DEFAULT NULL,
  `NAME_` varchar(255) COLLATE utf8_bin DEFAULT NULL,
  `KEY_` varchar(255) COLLATE utf8_bin NOT NULL,
  `VERSION_` int(11) NOT NULL,
  `DEPLOYMENT_ID_` varchar(64) COLLATE utf8_bin DEFAULT NULL,
  `RESOURCE_NAME_` varchar(4000) COLLATE utf8_bin DEFAULT NULL,
  `DGRM_RESOURCE_NAME_` varchar(4000) COLLATE utf8_bin DEFAULT NULL,
  `DESCRIPTION_` varchar(4000) COLLATE utf8_bin DEFAULT NULL,
  `HAS_START_FORM_KEY_` tinyint(4) DEFAULT NULL,
  `HAS_GRAPHICAL_NOTATION_` tinyint(4) DEFAULT NULL,
  `SUSPENSION_STATE_` int(11) DEFAULT NULL,
  `TENANT_ID_` varchar(255) COLLATE utf8_bin DEFAULT '',
  `ENGINE_VERSION_` varchar(255) COLLATE utf8_bin DEFAULT NULL,
  `DERIVED_FROM_` varchar(64) COLLATE utf8_bin DEFAULT NULL,
  `DERIVED_FROM_ROOT_` varchar(64) COLLATE utf8_bin DEFAULT NULL,
  `DERIVED_VERSION_` int(11) NOT NULL DEFAULT '0',
  PRIMARY KEY (`ID_`),
  UNIQUE KEY `ACT_UNIQ_PROCDEF` (`KEY_`,`VERSION_`,`DERIVED_VERSION_`,`TENANT_ID_`)
) ENGINE=InnoDB DEFAULT CHARSET=utf8 COLLATE=utf8_bin;

-- ----------------------------
-- Records of act_re_procdef
-- ----------------------------
INSERT INTO `act_re_procdef` VALUES ('leave:1:308275040f8e11ea988cdc8b287b3603', '1', 'http://www.activiti.org/test', '请假', 'leave', '1', '301f6d710f8e11ea988cdc8b287b3603', 'leave.bpmn', 'leave.leave.png', null, '0', '1', '1', 'flow', null, null, null, '0');
INSERT INTO `act_re_procdef` VALUES ('qingjia:1:08c6668e0ac011eabd62dc8b287b3603', '1', 'http://www.activiti.org/test', '请假', 'qingjia', '1', '0617732b0ac011eabd62dc8b287b3603', 'qingjia.bpmn', 'qingjia.qingjia.png', null, '0', '1', '1', 'flow', null, null, null, '0');

-- ----------------------------
-- Table structure for act_ru_actinst
-- ----------------------------
DROP TABLE IF EXISTS `act_ru_actinst`;
CREATE TABLE `act_ru_actinst` (
  `ID_` varchar(64) COLLATE utf8_bin NOT NULL,
  `REV_` int(11) DEFAULT '1',
  `PROC_DEF_ID_` varchar(64) COLLATE utf8_bin NOT NULL,
  `PROC_INST_ID_` varchar(64) COLLATE utf8_bin NOT NULL,
  `EXECUTION_ID_` varchar(64) COLLATE utf8_bin NOT NULL,
  `ACT_ID_` varchar(255) COLLATE utf8_bin NOT NULL,
  `TASK_ID_` varchar(64) COLLATE utf8_bin DEFAULT NULL,
  `CALL_PROC_INST_ID_` varchar(64) COLLATE utf8_bin DEFAULT NULL,
  `ACT_NAME_` varchar(255) COLLATE utf8_bin DEFAULT NULL,
  `ACT_TYPE_` varchar(255) COLLATE utf8_bin NOT NULL,
  `ASSIGNEE_` varchar(255) COLLATE utf8_bin DEFAULT NULL,
  `START_TIME_` datetime(3) NOT NULL,
  `END_TIME_` datetime(3) DEFAULT NULL,
  `DURATION_` bigint(20) DEFAULT NULL,
  `DELETE_REASON_` varchar(4000) COLLATE utf8_bin DEFAULT NULL,
  `TENANT_ID_` varchar(255) COLLATE utf8_bin DEFAULT '',
  PRIMARY KEY (`ID_`),
  KEY `ACT_IDX_RU_ACTI_START` (`START_TIME_`),
  KEY `ACT_IDX_RU_ACTI_END` (`END_TIME_`),
  KEY `ACT_IDX_RU_ACTI_PROC` (`PROC_INST_ID_`),
  KEY `ACT_IDX_RU_ACTI_PROC_ACT` (`PROC_INST_ID_`,`ACT_ID_`),
  KEY `ACT_IDX_RU_ACTI_EXEC` (`EXECUTION_ID_`),
  KEY `ACT_IDX_RU_ACTI_EXEC_ACT` (`EXECUTION_ID_`,`ACT_ID_`)
) ENGINE=InnoDB DEFAULT CHARSET=utf8 COLLATE=utf8_bin;

-- ----------------------------
-- Records of act_ru_actinst
-- ----------------------------
INSERT INTO `act_ru_actinst` VALUES ('081028bb0c5d11eabfe2dc8b287b3603', '1', 'qingjia:1:08c6668e0ac011eabd62dc8b287b3603', '080ec9270c5d11eabfe2dc8b287b3603', '081001aa0c5d11eabfe2dc8b287b3603', 'startevent1', null, null, 'Start', 'startEvent', null, '2019-11-21 20:47:09.499', '2019-11-21 20:47:09.506', '7', null, 'flow');
INSERT INTO `act_ru_actinst` VALUES ('0811d66c0c5d11eabfe2dc8b287b3603', '1', 'qingjia:1:08c6668e0ac011eabd62dc8b287b3603', '080ec9270c5d11eabfe2dc8b287b3603', '081001aa0c5d11eabfe2dc8b287b3603', 'flow1', null, null, null, 'sequenceFlow', null, '2019-11-21 20:47:09.510', '2019-11-21 20:47:09.510', '0', null, 'flow');
INSERT INTO `act_ru_actinst` VALUES ('0811d66d0c5d11eabfe2dc8b287b3603', '2', 'qingjia:1:08c6668e0ac011eabd62dc8b287b3603', '080ec9270c5d11eabfe2dc8b287b3603', '081001aa0c5d11eabfe2dc8b287b3603', 'usertask1', '0817c9de0c5d11eabfe2dc8b287b3603', null, '提交人', 'userTask', '00000001', '2019-11-21 20:47:09.510', '2019-11-25 15:28:34.564', '326485054', null, 'flow');
INSERT INTO `act_ru_actinst` VALUES ('2499c1240dd611ea8e38dc8b287b3603', '1', 'qingjia:1:08c6668e0ac011eabd62dc8b287b3603', '2497ec600dd611ea8e38dc8b287b3603', '2499c1230dd611ea8e38dc8b287b3603', 'startevent1', null, null, 'Start', 'startEvent', null, '2019-11-23 17:46:37.644', '2019-11-23 17:46:37.653', '9', null, 'flow');
INSERT INTO `act_ru_actinst` VALUES ('249bbcf50dd611ea8e38dc8b287b3603', '1', 'qingjia:1:08c6668e0ac011eabd62dc8b287b3603', '2497ec600dd611ea8e38dc8b287b3603', '2499c1230dd611ea8e38dc8b287b3603', 'flow1', null, null, null, 'sequenceFlow', null, '2019-11-23 17:46:37.657', '2019-11-23 17:46:37.657', '0', null, 'flow');
INSERT INTO `act_ru_actinst` VALUES ('249bbcf60dd611ea8e38dc8b287b3603', '1', 'qingjia:1:08c6668e0ac011eabd62dc8b287b3603', '2497ec600dd611ea8e38dc8b287b3603', '2499c1230dd611ea8e38dc8b287b3603', 'usertask1', '24a1fe870dd611ea8e38dc8b287b3603', null, '提交人', 'userTask', '00000001', '2019-11-23 17:46:37.657', null, null, null, 'flow');
INSERT INTO `act_ru_actinst` VALUES ('2a7f905a0f7311ea9984dc8b287b3603', '1', 'qingjia:1:08c6668e0ac011eabd62dc8b287b3603', '2a7e09b60f7311ea9984dc8b287b3603', '2a7f90590f7311ea9984dc8b287b3603', 'startevent1', null, null, 'Start', 'startEvent', null, '2019-11-25 19:03:09.688', '2019-11-25 19:03:09.694', '6', null, 'flow');
INSERT INTO `act_ru_actinst` VALUES ('2a80efeb0f7311ea9984dc8b287b3603', '1', 'qingjia:1:08c6668e0ac011eabd62dc8b287b3603', '2a7e09b60f7311ea9984dc8b287b3603', '2a7f90590f7311ea9984dc8b287b3603', 'flow1', null, null, null, 'sequenceFlow', null, '2019-11-25 19:03:09.697', '2019-11-25 19:03:09.697', '0', null, 'flow');
INSERT INTO `act_ru_actinst` VALUES ('2a80efec0f7311ea9984dc8b287b3603', '2', 'qingjia:1:08c6668e0ac011eabd62dc8b287b3603', '2a7e09b60f7311ea9984dc8b287b3603', '2a7f90590f7311ea9984dc8b287b3603', 'usertask1', '2a84996d0f7311ea9984dc8b287b3603', null, '提交人', 'userTask', '00000001', '2019-11-25 19:03:09.697', '2019-11-25 19:29:13.749', '1564052', null, 'flow');
INSERT INTO `act_ru_actinst` VALUES ('3059f51c0f5511eabcb8dc8b287b3603', '1', 'qingjia:1:08c6668e0ac011eabd62dc8b287b3603', '080ec9270c5d11eabfe2dc8b287b3603', '081001aa0c5d11eabfe2dc8b287b3603', 'flow2', null, null, null, 'sequenceFlow', null, '2019-11-25 15:28:34.606', '2019-11-25 15:28:34.606', '0', null, 'flow');
INSERT INTO `act_ru_actinst` VALUES ('305bf0ed0f5511eabcb8dc8b287b3603', '1', 'qingjia:1:08c6668e0ac011eabd62dc8b287b3603', '080ec9270c5d11eabfe2dc8b287b3603', '081001aa0c5d11eabfe2dc8b287b3603', 'usertask6', '306a6fde0f5511eabcb8dc8b287b3603', null, '张三', 'userTask', '00000002', '2019-11-25 15:28:34.619', null, null, null, 'flow');
INSERT INTO `act_ru_actinst` VALUES ('7b06f7c30c5c11ea995fdc8b287b3603', '1', 'qingjia:1:08c6668e0ac011eabd62dc8b287b3603', '7b012b5f0c5c11ea995fdc8b287b3603', '7b06d0b20c5c11ea995fdc8b287b3603', 'startevent1', null, null, 'Start', 'startEvent', null, '2019-11-21 20:43:12.880', '2019-11-21 20:43:12.915', '35', null, 'flow');
INSERT INTO `act_ru_actinst` VALUES ('7b0e98e40c5c11ea995fdc8b287b3603', '1', 'qingjia:1:08c6668e0ac011eabd62dc8b287b3603', '7b012b5f0c5c11ea995fdc8b287b3603', '7b06d0b20c5c11ea995fdc8b287b3603', 'flow1', null, null, null, 'sequenceFlow', null, '2019-11-21 20:43:12.930', '2019-11-21 20:43:12.930', '0', null, 'flow');
INSERT INTO `act_ru_actinst` VALUES ('7b0ebff50c5c11ea995fdc8b287b3603', '1', 'qingjia:1:08c6668e0ac011eabd62dc8b287b3603', '7b012b5f0c5c11ea995fdc8b287b3603', '7b06d0b20c5c11ea995fdc8b287b3603', 'usertask1', '7b2862760c5c11ea995fdc8b287b3603', null, '提交人', 'userTask', '00000001', '2019-11-21 20:43:12.931', null, null, null, 'flow');
INSERT INTO `act_ru_actinst` VALUES ('8597212b0f9111ea988cdc8b287b3603', '1', 'qingjia:1:08c6668e0ac011eabd62dc8b287b3603', '2a7e09b60f7311ea9984dc8b287b3603', '2a7f90590f7311ea9984dc8b287b3603', 'flow3', null, null, null, 'sequenceFlow', null, '2019-11-25 22:40:27.417', '2019-11-25 22:40:27.417', '0', null, 'flow');
INSERT INTO `act_ru_actinst` VALUES ('8598a7cc0f9111ea988cdc8b287b3603', '1', 'qingjia:1:08c6668e0ac011eabd62dc8b287b3603', '2a7e09b60f7311ea9984dc8b287b3603', '2a7f90590f7311ea9984dc8b287b3603', 'usertask3', '8598a7cd0f9111ea988cdc8b287b3603', null, '李四', 'userTask', '00000003', '2019-11-25 22:40:27.427', null, null, null, 'flow');
INSERT INTO `act_ru_actinst` VALUES ('cec2ecfa0f7611eab4c9dc8b287b3603', '1', 'qingjia:1:08c6668e0ac011eabd62dc8b287b3603', '2a7e09b60f7311ea9984dc8b287b3603', '2a7f90590f7311ea9984dc8b287b3603', 'flow2', null, null, null, 'sequenceFlow', null, '2019-11-25 19:29:13.766', '2019-11-25 19:29:13.766', '0', null, 'flow');
INSERT INTO `act_ru_actinst` VALUES ('cec4c1bb0f7611eab4c9dc8b287b3603', '2', 'qingjia:1:08c6668e0ac011eabd62dc8b287b3603', '2a7e09b60f7311ea9984dc8b287b3603', '2a7f90590f7311ea9984dc8b287b3603', 'usertask6', 'cec9559c0f7611eab4c9dc8b287b3603', null, '张三', 'userTask', '00000002', '2019-11-25 19:29:13.778', '2019-11-25 22:40:27.409', '11473631', null, 'flow');

-- ----------------------------
-- Table structure for act_ru_deadletter_job
-- ----------------------------
DROP TABLE IF EXISTS `act_ru_deadletter_job`;
CREATE TABLE `act_ru_deadletter_job` (
  `ID_` varchar(64) COLLATE utf8_bin NOT NULL,
  `REV_` int(11) DEFAULT NULL,
  `TYPE_` varchar(255) COLLATE utf8_bin NOT NULL,
  `EXCLUSIVE_` tinyint(1) DEFAULT NULL,
  `EXECUTION_ID_` varchar(64) COLLATE utf8_bin DEFAULT NULL,
  `PROCESS_INSTANCE_ID_` varchar(64) COLLATE utf8_bin DEFAULT NULL,
  `PROC_DEF_ID_` varchar(64) COLLATE utf8_bin DEFAULT NULL,
  `ELEMENT_ID_` varchar(255) COLLATE utf8_bin DEFAULT NULL,
  `ELEMENT_NAME_` varchar(255) COLLATE utf8_bin DEFAULT NULL,
  `SCOPE_ID_` varchar(255) COLLATE utf8_bin DEFAULT NULL,
  `SUB_SCOPE_ID_` varchar(255) COLLATE utf8_bin DEFAULT NULL,
  `SCOPE_TYPE_` varchar(255) COLLATE utf8_bin DEFAULT NULL,
  `SCOPE_DEFINITION_ID_` varchar(255) COLLATE utf8_bin DEFAULT NULL,
  `EXCEPTION_STACK_ID_` varchar(64) COLLATE utf8_bin DEFAULT NULL,
  `EXCEPTION_MSG_` varchar(4000) COLLATE utf8_bin DEFAULT NULL,
  `DUEDATE_` timestamp(3) NULL DEFAULT NULL,
  `REPEAT_` varchar(255) COLLATE utf8_bin DEFAULT NULL,
  `HANDLER_TYPE_` varchar(255) COLLATE utf8_bin DEFAULT NULL,
  `HANDLER_CFG_` varchar(4000) COLLATE utf8_bin DEFAULT NULL,
  `CUSTOM_VALUES_ID_` varchar(64) COLLATE utf8_bin DEFAULT NULL,
  `CREATE_TIME_` timestamp(3) NULL DEFAULT NULL,
  `TENANT_ID_` varchar(255) COLLATE utf8_bin DEFAULT '',
  PRIMARY KEY (`ID_`),
  KEY `ACT_IDX_DEADLETTER_JOB_EXCEPTION_STACK_ID` (`EXCEPTION_STACK_ID_`),
  KEY `ACT_IDX_DEADLETTER_JOB_CUSTOM_VALUES_ID` (`CUSTOM_VALUES_ID_`),
  KEY `ACT_IDX_DJOB_SCOPE` (`SCOPE_ID_`,`SCOPE_TYPE_`),
  KEY `ACT_IDX_DJOB_SUB_SCOPE` (`SUB_SCOPE_ID_`,`SCOPE_TYPE_`),
  KEY `ACT_IDX_DJOB_SCOPE_DEF` (`SCOPE_DEFINITION_ID_`,`SCOPE_TYPE_`),
  KEY `ACT_FK_DEADLETTER_JOB_EXECUTION` (`EXECUTION_ID_`),
  KEY `ACT_FK_DEADLETTER_JOB_PROCESS_INSTANCE` (`PROCESS_INSTANCE_ID_`),
  KEY `ACT_FK_DEADLETTER_JOB_PROC_DEF` (`PROC_DEF_ID_`),
  CONSTRAINT `ACT_FK_DEADLETTER_JOB_CUSTOM_VALUES` FOREIGN KEY (`CUSTOM_VALUES_ID_`) REFERENCES `act_ge_bytearray` (`ID_`),
  CONSTRAINT `ACT_FK_DEADLETTER_JOB_EXCEPTION` FOREIGN KEY (`EXCEPTION_STACK_ID_`) REFERENCES `act_ge_bytearray` (`ID_`),
  CONSTRAINT `ACT_FK_DEADLETTER_JOB_EXECUTION` FOREIGN KEY (`EXECUTION_ID_`) REFERENCES `act_ru_execution` (`ID_`),
  CONSTRAINT `ACT_FK_DEADLETTER_JOB_PROCESS_INSTANCE` FOREIGN KEY (`PROCESS_INSTANCE_ID_`) REFERENCES `act_ru_execution` (`ID_`),
  CONSTRAINT `ACT_FK_DEADLETTER_JOB_PROC_DEF` FOREIGN KEY (`PROC_DEF_ID_`) REFERENCES `act_re_procdef` (`ID_`)
) ENGINE=InnoDB DEFAULT CHARSET=utf8 COLLATE=utf8_bin;

-- ----------------------------
-- Records of act_ru_deadletter_job
-- ----------------------------

-- ----------------------------
-- Table structure for act_ru_entitylink
-- ----------------------------
DROP TABLE IF EXISTS `act_ru_entitylink`;
CREATE TABLE `act_ru_entitylink` (
  `ID_` varchar(64) COLLATE utf8_bin NOT NULL,
  `REV_` int(11) DEFAULT NULL,
  `CREATE_TIME_` datetime(3) DEFAULT NULL,
  `LINK_TYPE_` varchar(255) COLLATE utf8_bin DEFAULT NULL,
  `SCOPE_ID_` varchar(255) COLLATE utf8_bin DEFAULT NULL,
  `SCOPE_TYPE_` varchar(255) COLLATE utf8_bin DEFAULT NULL,
  `SCOPE_DEFINITION_ID_` varchar(255) COLLATE utf8_bin DEFAULT NULL,
  `REF_SCOPE_ID_` varchar(255) COLLATE utf8_bin DEFAULT NULL,
  `REF_SCOPE_TYPE_` varchar(255) COLLATE utf8_bin DEFAULT NULL,
  `REF_SCOPE_DEFINITION_ID_` varchar(255) COLLATE utf8_bin DEFAULT NULL,
  `HIERARCHY_TYPE_` varchar(255) COLLATE utf8_bin DEFAULT NULL,
  PRIMARY KEY (`ID_`),
  KEY `ACT_IDX_ENT_LNK_SCOPE` (`SCOPE_ID_`,`SCOPE_TYPE_`,`LINK_TYPE_`),
  KEY `ACT_IDX_ENT_LNK_SCOPE_DEF` (`SCOPE_DEFINITION_ID_`,`SCOPE_TYPE_`,`LINK_TYPE_`)
) ENGINE=InnoDB DEFAULT CHARSET=utf8 COLLATE=utf8_bin;

-- ----------------------------
-- Records of act_ru_entitylink
-- ----------------------------

-- ----------------------------
-- Table structure for act_ru_event_subscr
-- ----------------------------
DROP TABLE IF EXISTS `act_ru_event_subscr`;
CREATE TABLE `act_ru_event_subscr` (
  `ID_` varchar(64) COLLATE utf8_bin NOT NULL,
  `REV_` int(11) DEFAULT NULL,
  `EVENT_TYPE_` varchar(255) COLLATE utf8_bin NOT NULL,
  `EVENT_NAME_` varchar(255) COLLATE utf8_bin DEFAULT NULL,
  `EXECUTION_ID_` varchar(64) COLLATE utf8_bin DEFAULT NULL,
  `PROC_INST_ID_` varchar(64) COLLATE utf8_bin DEFAULT NULL,
  `ACTIVITY_ID_` varchar(64) COLLATE utf8_bin DEFAULT NULL,
  `CONFIGURATION_` varchar(255) COLLATE utf8_bin DEFAULT NULL,
  `CREATED_` timestamp(3) NOT NULL DEFAULT CURRENT_TIMESTAMP(3),
  `PROC_DEF_ID_` varchar(64) COLLATE utf8_bin DEFAULT NULL,
  `SUB_SCOPE_ID_` varchar(64) COLLATE utf8_bin DEFAULT NULL,
  `SCOPE_ID_` varchar(64) COLLATE utf8_bin DEFAULT NULL,
  `SCOPE_DEFINITION_ID_` varchar(64) COLLATE utf8_bin DEFAULT NULL,
  `SCOPE_TYPE_` varchar(64) COLLATE utf8_bin DEFAULT NULL,
  `TENANT_ID_` varchar(255) COLLATE utf8_bin DEFAULT '',
  PRIMARY KEY (`ID_`),
  KEY `ACT_IDX_EVENT_SUBSCR_CONFIG_` (`CONFIGURATION_`),
  KEY `ACT_FK_EVENT_EXEC` (`EXECUTION_ID_`),
  CONSTRAINT `ACT_FK_EVENT_EXEC` FOREIGN KEY (`EXECUTION_ID_`) REFERENCES `act_ru_execution` (`ID_`)
) ENGINE=InnoDB DEFAULT CHARSET=utf8 COLLATE=utf8_bin;

-- ----------------------------
-- Records of act_ru_event_subscr
-- ----------------------------

-- ----------------------------
-- Table structure for act_ru_execution
-- ----------------------------
DROP TABLE IF EXISTS `act_ru_execution`;
CREATE TABLE `act_ru_execution` (
  `ID_` varchar(64) COLLATE utf8_bin NOT NULL,
  `REV_` int(11) DEFAULT NULL,
  `PROC_INST_ID_` varchar(64) COLLATE utf8_bin DEFAULT NULL,
  `BUSINESS_KEY_` varchar(255) COLLATE utf8_bin DEFAULT NULL,
  `PARENT_ID_` varchar(64) COLLATE utf8_bin DEFAULT NULL,
  `PROC_DEF_ID_` varchar(64) COLLATE utf8_bin DEFAULT NULL,
  `SUPER_EXEC_` varchar(64) COLLATE utf8_bin DEFAULT NULL,
  `ROOT_PROC_INST_ID_` varchar(64) COLLATE utf8_bin DEFAULT NULL,
  `ACT_ID_` varchar(255) COLLATE utf8_bin DEFAULT NULL,
  `IS_ACTIVE_` tinyint(4) DEFAULT NULL,
  `IS_CONCURRENT_` tinyint(4) DEFAULT NULL,
  `IS_SCOPE_` tinyint(4) DEFAULT NULL,
  `IS_EVENT_SCOPE_` tinyint(4) DEFAULT NULL,
  `IS_MI_ROOT_` tinyint(4) DEFAULT NULL,
  `SUSPENSION_STATE_` int(11) DEFAULT NULL,
  `CACHED_ENT_STATE_` int(11) DEFAULT NULL,
  `TENANT_ID_` varchar(255) COLLATE utf8_bin DEFAULT '',
  `NAME_` varchar(255) COLLATE utf8_bin DEFAULT NULL,
  `START_ACT_ID_` varchar(255) COLLATE utf8_bin DEFAULT NULL,
  `START_TIME_` datetime(3) DEFAULT NULL,
  `START_USER_ID_` varchar(255) COLLATE utf8_bin DEFAULT NULL,
  `LOCK_TIME_` timestamp(3) NULL DEFAULT NULL,
  `IS_COUNT_ENABLED_` tinyint(4) DEFAULT NULL,
  `EVT_SUBSCR_COUNT_` int(11) DEFAULT NULL,
  `TASK_COUNT_` int(11) DEFAULT NULL,
  `JOB_COUNT_` int(11) DEFAULT NULL,
  `TIMER_JOB_COUNT_` int(11) DEFAULT NULL,
  `SUSP_JOB_COUNT_` int(11) DEFAULT NULL,
  `DEADLETTER_JOB_COUNT_` int(11) DEFAULT NULL,
  `VAR_COUNT_` int(11) DEFAULT NULL,
  `ID_LINK_COUNT_` int(11) DEFAULT NULL,
  `CALLBACK_ID_` varchar(255) COLLATE utf8_bin DEFAULT NULL,
  `CALLBACK_TYPE_` varchar(255) COLLATE utf8_bin DEFAULT NULL,
  PRIMARY KEY (`ID_`),
  KEY `ACT_IDX_EXEC_BUSKEY` (`BUSINESS_KEY_`),
  KEY `ACT_IDC_EXEC_ROOT` (`ROOT_PROC_INST_ID_`),
  KEY `ACT_FK_EXE_PROCINST` (`PROC_INST_ID_`),
  KEY `ACT_FK_EXE_PARENT` (`PARENT_ID_`),
  KEY `ACT_FK_EXE_SUPER` (`SUPER_EXEC_`),
  KEY `ACT_FK_EXE_PROCDEF` (`PROC_DEF_ID_`),
  CONSTRAINT `ACT_FK_EXE_PARENT` FOREIGN KEY (`PARENT_ID_`) REFERENCES `act_ru_execution` (`ID_`) ON DELETE CASCADE,
  CONSTRAINT `ACT_FK_EXE_PROCDEF` FOREIGN KEY (`PROC_DEF_ID_`) REFERENCES `act_re_procdef` (`ID_`),
  CONSTRAINT `ACT_FK_EXE_PROCINST` FOREIGN KEY (`PROC_INST_ID_`) REFERENCES `act_ru_execution` (`ID_`) ON DELETE CASCADE ON UPDATE CASCADE,
  CONSTRAINT `ACT_FK_EXE_SUPER` FOREIGN KEY (`SUPER_EXEC_`) REFERENCES `act_ru_execution` (`ID_`) ON DELETE CASCADE
) ENGINE=InnoDB DEFAULT CHARSET=utf8 COLLATE=utf8_bin;

-- ----------------------------
-- Records of act_ru_execution
-- ----------------------------
INSERT INTO `act_ru_execution` VALUES ('080ec9270c5d11eabfe2dc8b287b3603', '1', '080ec9270c5d11eabfe2dc8b287b3603', '8a884c236e8e0074016e8e0074e80000', null, 'qingjia:1:08c6668e0ac011eabd62dc8b287b3603', null, '080ec9270c5d11eabfe2dc8b287b3603', null, '1', '0', '1', '0', '0', '1', null, 'flow', '请假流程', 'startevent1', '2019-11-21 20:47:09.490', '00000001', null, '1', '0', '0', '0', '0', '0', '0', '0', '0', null, null);
INSERT INTO `act_ru_execution` VALUES ('081001aa0c5d11eabfe2dc8b287b3603', '2', '080ec9270c5d11eabfe2dc8b287b3603', null, '080ec9270c5d11eabfe2dc8b287b3603', 'qingjia:1:08c6668e0ac011eabd62dc8b287b3603', null, '080ec9270c5d11eabfe2dc8b287b3603', 'usertask6', '1', '0', '0', '0', '0', '1', null, 'flow', null, null, '2019-11-21 20:47:09.498', null, null, '1', '0', '1', '0', '0', '0', '0', '0', '0', null, null);
INSERT INTO `act_ru_execution` VALUES ('2497ec600dd611ea8e38dc8b287b3603', '1', '2497ec600dd611ea8e38dc8b287b3603', '8a884c236e97a7f5016e97a7f5e00000', null, 'qingjia:1:08c6668e0ac011eabd62dc8b287b3603', null, '2497ec600dd611ea8e38dc8b287b3603', null, '1', '0', '1', '0', '0', '1', null, 'flow', '请假流程', 'startevent1', '2019-11-23 17:46:37.632', '00000002', null, '1', '0', '0', '0', '0', '0', '0', '0', '0', null, null);
INSERT INTO `act_ru_execution` VALUES ('2499c1230dd611ea8e38dc8b287b3603', '1', '2497ec600dd611ea8e38dc8b287b3603', null, '2497ec600dd611ea8e38dc8b287b3603', 'qingjia:1:08c6668e0ac011eabd62dc8b287b3603', null, '2497ec600dd611ea8e38dc8b287b3603', 'usertask1', '1', '0', '0', '0', '0', '1', null, 'flow', null, null, '2019-11-23 17:46:37.644', null, null, '1', '0', '1', '0', '0', '0', '0', '0', '0', null, null);
INSERT INTO `act_ru_execution` VALUES ('2a7e09b60f7311ea9984dc8b287b3603', '1', '2a7e09b60f7311ea9984dc8b287b3603', '8a884c406ea23ac0016ea23ac01e0000', null, 'qingjia:1:08c6668e0ac011eabd62dc8b287b3603', null, '2a7e09b60f7311ea9984dc8b287b3603', null, '1', '0', '1', '0', '0', '1', null, 'flow', '请假流程', 'startevent1', '2019-11-25 19:03:09.678', '00000001', null, '1', '0', '0', '0', '0', '0', '0', '0', '0', null, null);
INSERT INTO `act_ru_execution` VALUES ('2a7f90590f7311ea9984dc8b287b3603', '3', '2a7e09b60f7311ea9984dc8b287b3603', null, '2a7e09b60f7311ea9984dc8b287b3603', 'qingjia:1:08c6668e0ac011eabd62dc8b287b3603', null, '2a7e09b60f7311ea9984dc8b287b3603', 'usertask3', '1', '0', '0', '0', '0', '1', null, 'flow', null, null, '2019-11-25 19:03:09.688', null, null, '1', '0', '1', '0', '0', '0', '0', '0', '0', null, null);

-- ----------------------------
-- Table structure for act_ru_history_job
-- ----------------------------
DROP TABLE IF EXISTS `act_ru_history_job`;
CREATE TABLE `act_ru_history_job` (
  `ID_` varchar(64) COLLATE utf8_bin NOT NULL,
  `REV_` int(11) DEFAULT NULL,
  `LOCK_EXP_TIME_` timestamp(3) NULL DEFAULT NULL,
  `LOCK_OWNER_` varchar(255) COLLATE utf8_bin DEFAULT NULL,
  `RETRIES_` int(11) DEFAULT NULL,
  `EXCEPTION_STACK_ID_` varchar(64) COLLATE utf8_bin DEFAULT NULL,
  `EXCEPTION_MSG_` varchar(4000) COLLATE utf8_bin DEFAULT NULL,
  `HANDLER_TYPE_` varchar(255) COLLATE utf8_bin DEFAULT NULL,
  `HANDLER_CFG_` varchar(4000) COLLATE utf8_bin DEFAULT NULL,
  `CUSTOM_VALUES_ID_` varchar(64) COLLATE utf8_bin DEFAULT NULL,
  `ADV_HANDLER_CFG_ID_` varchar(64) COLLATE utf8_bin DEFAULT NULL,
  `CREATE_TIME_` timestamp(3) NULL DEFAULT NULL,
  `SCOPE_TYPE_` varchar(255) COLLATE utf8_bin DEFAULT NULL,
  `TENANT_ID_` varchar(255) COLLATE utf8_bin DEFAULT '',
  PRIMARY KEY (`ID_`)
) ENGINE=InnoDB DEFAULT CHARSET=utf8 COLLATE=utf8_bin;

-- ----------------------------
-- Records of act_ru_history_job
-- ----------------------------

-- ----------------------------
-- Table structure for act_ru_identitylink
-- ----------------------------
DROP TABLE IF EXISTS `act_ru_identitylink`;
CREATE TABLE `act_ru_identitylink` (
  `ID_` varchar(64) COLLATE utf8_bin NOT NULL,
  `REV_` int(11) DEFAULT NULL,
  `GROUP_ID_` varchar(255) COLLATE utf8_bin DEFAULT NULL,
  `TYPE_` varchar(255) COLLATE utf8_bin DEFAULT NULL,
  `USER_ID_` varchar(255) COLLATE utf8_bin DEFAULT NULL,
  `TASK_ID_` varchar(64) COLLATE utf8_bin DEFAULT NULL,
  `PROC_INST_ID_` varchar(64) COLLATE utf8_bin DEFAULT NULL,
  `PROC_DEF_ID_` varchar(64) COLLATE utf8_bin DEFAULT NULL,
  `SCOPE_ID_` varchar(255) COLLATE utf8_bin DEFAULT NULL,
  `SCOPE_TYPE_` varchar(255) COLLATE utf8_bin DEFAULT NULL,
  `SCOPE_DEFINITION_ID_` varchar(255) COLLATE utf8_bin DEFAULT NULL,
  PRIMARY KEY (`ID_`),
  KEY `ACT_IDX_IDENT_LNK_USER` (`USER_ID_`),
  KEY `ACT_IDX_IDENT_LNK_GROUP` (`GROUP_ID_`),
  KEY `ACT_IDX_IDENT_LNK_SCOPE` (`SCOPE_ID_`,`SCOPE_TYPE_`),
  KEY `ACT_IDX_IDENT_LNK_SCOPE_DEF` (`SCOPE_DEFINITION_ID_`,`SCOPE_TYPE_`),
  KEY `ACT_IDX_ATHRZ_PROCEDEF` (`PROC_DEF_ID_`),
  KEY `ACT_FK_TSKASS_TASK` (`TASK_ID_`),
  KEY `ACT_FK_IDL_PROCINST` (`PROC_INST_ID_`),
  CONSTRAINT `ACT_FK_ATHRZ_PROCEDEF` FOREIGN KEY (`PROC_DEF_ID_`) REFERENCES `act_re_procdef` (`ID_`),
  CONSTRAINT `ACT_FK_IDL_PROCINST` FOREIGN KEY (`PROC_INST_ID_`) REFERENCES `act_ru_execution` (`ID_`),
  CONSTRAINT `ACT_FK_TSKASS_TASK` FOREIGN KEY (`TASK_ID_`) REFERENCES `act_ru_task` (`ID_`)
) ENGINE=InnoDB DEFAULT CHARSET=utf8 COLLATE=utf8_bin;

-- ----------------------------
-- Records of act_ru_identitylink
-- ----------------------------
INSERT INTO `act_ru_identitylink` VALUES ('080f17480c5d11eabfe2dc8b287b3603', '1', null, 'starter', '00000001', null, '080ec9270c5d11eabfe2dc8b287b3603', null, null, null, null);
INSERT INTO `act_ru_identitylink` VALUES ('08183f100c5d11eabfe2dc8b287b3603', '1', null, 'participant', '00000001', null, '080ec9270c5d11eabfe2dc8b287b3603', null, null, null, null);
INSERT INTO `act_ru_identitylink` VALUES ('24983a810dd611ea8e38dc8b287b3603', '1', null, 'starter', '00000002', null, '2497ec600dd611ea8e38dc8b287b3603', null, null, null, null);
INSERT INTO `act_ru_identitylink` VALUES ('24a3fa590dd611ea8e38dc8b287b3603', '1', null, 'participant', '00000001', null, '2497ec600dd611ea8e38dc8b287b3603', null, null, null, null);
INSERT INTO `act_ru_identitylink` VALUES ('2a7e30c70f7311ea9984dc8b287b3603', '1', null, 'starter', '00000001', null, '2a7e09b60f7311ea9984dc8b287b3603', null, null, null, null);
INSERT INTO `act_ru_identitylink` VALUES ('2a850e9f0f7311ea9984dc8b287b3603', '1', null, 'participant', '00000001', null, '2a7e09b60f7311ea9984dc8b287b3603', null, null, null, null);
INSERT INTO `act_ru_identitylink` VALUES ('303444ab0f5511eabcb8dc8b287b3603', '1', null, 'participant', '00000001', null, '080ec9270c5d11eabfe2dc8b287b3603', null, null, null, null);
INSERT INTO `act_ru_identitylink` VALUES ('306b5a400f5511eabcb8dc8b287b3603', '1', null, 'participant', '00000002', null, '080ec9270c5d11eabfe2dc8b287b3603', null, null, null, null);
INSERT INTO `act_ru_identitylink` VALUES ('858e207a0f9111ea988cdc8b287b3603', '1', null, 'participant', '00000002', null, '2a7e09b60f7311ea9984dc8b287b3603', null, null, null, null);
INSERT INTO `act_ru_identitylink` VALUES ('8598a7cf0f9111ea988cdc8b287b3603', '1', null, 'participant', '00000003', null, '2a7e09b60f7311ea9984dc8b287b3603', null, null, null, null);
INSERT INTO `act_ru_identitylink` VALUES ('ceb690e90f7611eab4c9dc8b287b3603', '1', null, 'participant', '00000001', null, '2a7e09b60f7311ea9984dc8b287b3603', null, null, null, null);
INSERT INTO `act_ru_identitylink` VALUES ('cec9cace0f7611eab4c9dc8b287b3603', '1', null, 'participant', '00000002', null, '2a7e09b60f7311ea9984dc8b287b3603', null, null, null, null);

-- ----------------------------
-- Table structure for act_ru_job
-- ----------------------------
DROP TABLE IF EXISTS `act_ru_job`;
CREATE TABLE `act_ru_job` (
  `ID_` varchar(64) COLLATE utf8_bin NOT NULL,
  `REV_` int(11) DEFAULT NULL,
  `TYPE_` varchar(255) COLLATE utf8_bin NOT NULL,
  `LOCK_EXP_TIME_` timestamp(3) NULL DEFAULT NULL,
  `LOCK_OWNER_` varchar(255) COLLATE utf8_bin DEFAULT NULL,
  `EXCLUSIVE_` tinyint(1) DEFAULT NULL,
  `EXECUTION_ID_` varchar(64) COLLATE utf8_bin DEFAULT NULL,
  `PROCESS_INSTANCE_ID_` varchar(64) COLLATE utf8_bin DEFAULT NULL,
  `PROC_DEF_ID_` varchar(64) COLLATE utf8_bin DEFAULT NULL,
  `ELEMENT_ID_` varchar(255) COLLATE utf8_bin DEFAULT NULL,
  `ELEMENT_NAME_` varchar(255) COLLATE utf8_bin DEFAULT NULL,
  `SCOPE_ID_` varchar(255) COLLATE utf8_bin DEFAULT NULL,
  `SUB_SCOPE_ID_` varchar(255) COLLATE utf8_bin DEFAULT NULL,
  `SCOPE_TYPE_` varchar(255) COLLATE utf8_bin DEFAULT NULL,
  `SCOPE_DEFINITION_ID_` varchar(255) COLLATE utf8_bin DEFAULT NULL,
  `RETRIES_` int(11) DEFAULT NULL,
  `EXCEPTION_STACK_ID_` varchar(64) COLLATE utf8_bin DEFAULT NULL,
  `EXCEPTION_MSG_` varchar(4000) COLLATE utf8_bin DEFAULT NULL,
  `DUEDATE_` timestamp(3) NULL DEFAULT NULL,
  `REPEAT_` varchar(255) COLLATE utf8_bin DEFAULT NULL,
  `HANDLER_TYPE_` varchar(255) COLLATE utf8_bin DEFAULT NULL,
  `HANDLER_CFG_` varchar(4000) COLLATE utf8_bin DEFAULT NULL,
  `CUSTOM_VALUES_ID_` varchar(64) COLLATE utf8_bin DEFAULT NULL,
  `CREATE_TIME_` timestamp(3) NULL DEFAULT NULL,
  `TENANT_ID_` varchar(255) COLLATE utf8_bin DEFAULT '',
  PRIMARY KEY (`ID_`),
  KEY `ACT_IDX_JOB_EXCEPTION_STACK_ID` (`EXCEPTION_STACK_ID_`),
  KEY `ACT_IDX_JOB_CUSTOM_VALUES_ID` (`CUSTOM_VALUES_ID_`),
  KEY `ACT_IDX_JOB_SCOPE` (`SCOPE_ID_`,`SCOPE_TYPE_`),
  KEY `ACT_IDX_JOB_SUB_SCOPE` (`SUB_SCOPE_ID_`,`SCOPE_TYPE_`),
  KEY `ACT_IDX_JOB_SCOPE_DEF` (`SCOPE_DEFINITION_ID_`,`SCOPE_TYPE_`),
  KEY `ACT_FK_JOB_EXECUTION` (`EXECUTION_ID_`),
  KEY `ACT_FK_JOB_PROCESS_INSTANCE` (`PROCESS_INSTANCE_ID_`),
  KEY `ACT_FK_JOB_PROC_DEF` (`PROC_DEF_ID_`),
  CONSTRAINT `ACT_FK_JOB_CUSTOM_VALUES` FOREIGN KEY (`CUSTOM_VALUES_ID_`) REFERENCES `act_ge_bytearray` (`ID_`),
  CONSTRAINT `ACT_FK_JOB_EXCEPTION` FOREIGN KEY (`EXCEPTION_STACK_ID_`) REFERENCES `act_ge_bytearray` (`ID_`),
  CONSTRAINT `ACT_FK_JOB_EXECUTION` FOREIGN KEY (`EXECUTION_ID_`) REFERENCES `act_ru_execution` (`ID_`),
  CONSTRAINT `ACT_FK_JOB_PROCESS_INSTANCE` FOREIGN KEY (`PROCESS_INSTANCE_ID_`) REFERENCES `act_ru_execution` (`ID_`),
  CONSTRAINT `ACT_FK_JOB_PROC_DEF` FOREIGN KEY (`PROC_DEF_ID_`) REFERENCES `act_re_procdef` (`ID_`)
) ENGINE=InnoDB DEFAULT CHARSET=utf8 COLLATE=utf8_bin;

-- ----------------------------
-- Records of act_ru_job
-- ----------------------------

-- ----------------------------
-- Table structure for act_ru_suspended_job
-- ----------------------------
DROP TABLE IF EXISTS `act_ru_suspended_job`;
CREATE TABLE `act_ru_suspended_job` (
  `ID_` varchar(64) COLLATE utf8_bin NOT NULL,
  `REV_` int(11) DEFAULT NULL,
  `TYPE_` varchar(255) COLLATE utf8_bin NOT NULL,
  `EXCLUSIVE_` tinyint(1) DEFAULT NULL,
  `EXECUTION_ID_` varchar(64) COLLATE utf8_bin DEFAULT NULL,
  `PROCESS_INSTANCE_ID_` varchar(64) COLLATE utf8_bin DEFAULT NULL,
  `PROC_DEF_ID_` varchar(64) COLLATE utf8_bin DEFAULT NULL,
  `ELEMENT_ID_` varchar(255) COLLATE utf8_bin DEFAULT NULL,
  `ELEMENT_NAME_` varchar(255) COLLATE utf8_bin DEFAULT NULL,
  `SCOPE_ID_` varchar(255) COLLATE utf8_bin DEFAULT NULL,
  `SUB_SCOPE_ID_` varchar(255) COLLATE utf8_bin DEFAULT NULL,
  `SCOPE_TYPE_` varchar(255) COLLATE utf8_bin DEFAULT NULL,
  `SCOPE_DEFINITION_ID_` varchar(255) COLLATE utf8_bin DEFAULT NULL,
  `RETRIES_` int(11) DEFAULT NULL,
  `EXCEPTION_STACK_ID_` varchar(64) COLLATE utf8_bin DEFAULT NULL,
  `EXCEPTION_MSG_` varchar(4000) COLLATE utf8_bin DEFAULT NULL,
  `DUEDATE_` timestamp(3) NULL DEFAULT NULL,
  `REPEAT_` varchar(255) COLLATE utf8_bin DEFAULT NULL,
  `HANDLER_TYPE_` varchar(255) COLLATE utf8_bin DEFAULT NULL,
  `HANDLER_CFG_` varchar(4000) COLLATE utf8_bin DEFAULT NULL,
  `CUSTOM_VALUES_ID_` varchar(64) COLLATE utf8_bin DEFAULT NULL,
  `CREATE_TIME_` timestamp(3) NULL DEFAULT NULL,
  `TENANT_ID_` varchar(255) COLLATE utf8_bin DEFAULT '',
  PRIMARY KEY (`ID_`),
  KEY `ACT_IDX_SUSPENDED_JOB_EXCEPTION_STACK_ID` (`EXCEPTION_STACK_ID_`),
  KEY `ACT_IDX_SUSPENDED_JOB_CUSTOM_VALUES_ID` (`CUSTOM_VALUES_ID_`),
  KEY `ACT_IDX_SJOB_SCOPE` (`SCOPE_ID_`,`SCOPE_TYPE_`),
  KEY `ACT_IDX_SJOB_SUB_SCOPE` (`SUB_SCOPE_ID_`,`SCOPE_TYPE_`),
  KEY `ACT_IDX_SJOB_SCOPE_DEF` (`SCOPE_DEFINITION_ID_`,`SCOPE_TYPE_`),
  KEY `ACT_FK_SUSPENDED_JOB_EXECUTION` (`EXECUTION_ID_`),
  KEY `ACT_FK_SUSPENDED_JOB_PROCESS_INSTANCE` (`PROCESS_INSTANCE_ID_`),
  KEY `ACT_FK_SUSPENDED_JOB_PROC_DEF` (`PROC_DEF_ID_`),
  CONSTRAINT `ACT_FK_SUSPENDED_JOB_CUSTOM_VALUES` FOREIGN KEY (`CUSTOM_VALUES_ID_`) REFERENCES `act_ge_bytearray` (`ID_`),
  CONSTRAINT `ACT_FK_SUSPENDED_JOB_EXCEPTION` FOREIGN KEY (`EXCEPTION_STACK_ID_`) REFERENCES `act_ge_bytearray` (`ID_`),
  CONSTRAINT `ACT_FK_SUSPENDED_JOB_EXECUTION` FOREIGN KEY (`EXECUTION_ID_`) REFERENCES `act_ru_execution` (`ID_`),
  CONSTRAINT `ACT_FK_SUSPENDED_JOB_PROCESS_INSTANCE` FOREIGN KEY (`PROCESS_INSTANCE_ID_`) REFERENCES `act_ru_execution` (`ID_`),
  CONSTRAINT `ACT_FK_SUSPENDED_JOB_PROC_DEF` FOREIGN KEY (`PROC_DEF_ID_`) REFERENCES `act_re_procdef` (`ID_`)
) ENGINE=InnoDB DEFAULT CHARSET=utf8 COLLATE=utf8_bin;

-- ----------------------------
-- Records of act_ru_suspended_job
-- ----------------------------

-- ----------------------------
-- Table structure for act_ru_task
-- ----------------------------
DROP TABLE IF EXISTS `act_ru_task`;
CREATE TABLE `act_ru_task` (
  `ID_` varchar(64) COLLATE utf8_bin NOT NULL,
  `REV_` int(11) DEFAULT NULL,
  `EXECUTION_ID_` varchar(64) COLLATE utf8_bin DEFAULT NULL,
  `PROC_INST_ID_` varchar(64) COLLATE utf8_bin DEFAULT NULL,
  `PROC_DEF_ID_` varchar(64) COLLATE utf8_bin DEFAULT NULL,
  `TASK_DEF_ID_` varchar(64) COLLATE utf8_bin DEFAULT NULL,
  `SCOPE_ID_` varchar(255) COLLATE utf8_bin DEFAULT NULL,
  `SUB_SCOPE_ID_` varchar(255) COLLATE utf8_bin DEFAULT NULL,
  `SCOPE_TYPE_` varchar(255) COLLATE utf8_bin DEFAULT NULL,
  `SCOPE_DEFINITION_ID_` varchar(255) COLLATE utf8_bin DEFAULT NULL,
  `NAME_` varchar(255) COLLATE utf8_bin DEFAULT NULL,
  `PARENT_TASK_ID_` varchar(64) COLLATE utf8_bin DEFAULT NULL,
  `DESCRIPTION_` varchar(4000) COLLATE utf8_bin DEFAULT NULL,
  `TASK_DEF_KEY_` varchar(255) COLLATE utf8_bin DEFAULT NULL,
  `OWNER_` varchar(255) COLLATE utf8_bin DEFAULT NULL,
  `ASSIGNEE_` varchar(255) COLLATE utf8_bin DEFAULT NULL,
  `DELEGATION_` varchar(64) COLLATE utf8_bin DEFAULT NULL,
  `PRIORITY_` int(11) DEFAULT NULL,
  `CREATE_TIME_` timestamp(3) NULL DEFAULT NULL,
  `DUE_DATE_` datetime(3) DEFAULT NULL,
  `CATEGORY_` varchar(255) COLLATE utf8_bin DEFAULT NULL,
  `SUSPENSION_STATE_` int(11) DEFAULT NULL,
  `TENANT_ID_` varchar(255) COLLATE utf8_bin DEFAULT '',
  `FORM_KEY_` varchar(255) COLLATE utf8_bin DEFAULT NULL,
  `CLAIM_TIME_` datetime(3) DEFAULT NULL,
  `IS_COUNT_ENABLED_` tinyint(4) DEFAULT NULL,
  `VAR_COUNT_` int(11) DEFAULT NULL,
  `ID_LINK_COUNT_` int(11) DEFAULT NULL,
  `SUB_TASK_COUNT_` int(11) DEFAULT NULL,
  PRIMARY KEY (`ID_`),
  KEY `ACT_IDX_TASK_CREATE` (`CREATE_TIME_`),
  KEY `ACT_IDX_TASK_SCOPE` (`SCOPE_ID_`,`SCOPE_TYPE_`),
  KEY `ACT_IDX_TASK_SUB_SCOPE` (`SUB_SCOPE_ID_`,`SCOPE_TYPE_`),
  KEY `ACT_IDX_TASK_SCOPE_DEF` (`SCOPE_DEFINITION_ID_`,`SCOPE_TYPE_`),
  KEY `ACT_FK_TASK_EXE` (`EXECUTION_ID_`),
  KEY `ACT_FK_TASK_PROCINST` (`PROC_INST_ID_`),
  KEY `ACT_FK_TASK_PROCDEF` (`PROC_DEF_ID_`),
  CONSTRAINT `ACT_FK_TASK_EXE` FOREIGN KEY (`EXECUTION_ID_`) REFERENCES `act_ru_execution` (`ID_`),
  CONSTRAINT `ACT_FK_TASK_PROCDEF` FOREIGN KEY (`PROC_DEF_ID_`) REFERENCES `act_re_procdef` (`ID_`),
  CONSTRAINT `ACT_FK_TASK_PROCINST` FOREIGN KEY (`PROC_INST_ID_`) REFERENCES `act_ru_execution` (`ID_`)
) ENGINE=InnoDB DEFAULT CHARSET=utf8 COLLATE=utf8_bin;

-- ----------------------------
-- Records of act_ru_task
-- ----------------------------
INSERT INTO `act_ru_task` VALUES ('24a1fe870dd611ea8e38dc8b287b3603', '1', '2499c1230dd611ea8e38dc8b287b3603', '2497ec600dd611ea8e38dc8b287b3603', 'qingjia:1:08c6668e0ac011eabd62dc8b287b3603', null, null, null, null, null, '提交人', null, null, 'usertask1', null, '00000001', null, '50', '2019-11-23 17:46:37.657', null, null, '1', 'flow', null, null, '1', '0', '0', '0');
INSERT INTO `act_ru_task` VALUES ('306a6fde0f5511eabcb8dc8b287b3603', '1', '081001aa0c5d11eabfe2dc8b287b3603', '080ec9270c5d11eabfe2dc8b287b3603', 'qingjia:1:08c6668e0ac011eabd62dc8b287b3603', null, null, null, null, null, '张三', null, null, 'usertask6', null, '00000002', null, '50', '2019-11-25 15:28:34.620', null, null, '1', 'flow', null, null, '1', '0', '0', '0');
INSERT INTO `act_ru_task` VALUES ('8598a7cd0f9111ea988cdc8b287b3603', '1', '2a7f90590f7311ea9984dc8b287b3603', '2a7e09b60f7311ea9984dc8b287b3603', 'qingjia:1:08c6668e0ac011eabd62dc8b287b3603', null, null, null, null, null, '李四', null, null, 'usertask3', null, '00000003', null, '50', '2019-11-25 22:40:27.427', null, null, '1', 'flow', null, null, '1', '0', '0', '0');

-- ----------------------------
-- Table structure for act_ru_timer_job
-- ----------------------------
DROP TABLE IF EXISTS `act_ru_timer_job`;
CREATE TABLE `act_ru_timer_job` (
  `ID_` varchar(64) COLLATE utf8_bin NOT NULL,
  `REV_` int(11) DEFAULT NULL,
  `TYPE_` varchar(255) COLLATE utf8_bin NOT NULL,
  `LOCK_EXP_TIME_` timestamp(3) NULL DEFAULT NULL,
  `LOCK_OWNER_` varchar(255) COLLATE utf8_bin DEFAULT NULL,
  `EXCLUSIVE_` tinyint(1) DEFAULT NULL,
  `EXECUTION_ID_` varchar(64) COLLATE utf8_bin DEFAULT NULL,
  `PROCESS_INSTANCE_ID_` varchar(64) COLLATE utf8_bin DEFAULT NULL,
  `PROC_DEF_ID_` varchar(64) COLLATE utf8_bin DEFAULT NULL,
  `ELEMENT_ID_` varchar(255) COLLATE utf8_bin DEFAULT NULL,
  `ELEMENT_NAME_` varchar(255) COLLATE utf8_bin DEFAULT NULL,
  `SCOPE_ID_` varchar(255) COLLATE utf8_bin DEFAULT NULL,
  `SUB_SCOPE_ID_` varchar(255) COLLATE utf8_bin DEFAULT NULL,
  `SCOPE_TYPE_` varchar(255) COLLATE utf8_bin DEFAULT NULL,
  `SCOPE_DEFINITION_ID_` varchar(255) COLLATE utf8_bin DEFAULT NULL,
  `RETRIES_` int(11) DEFAULT NULL,
  `EXCEPTION_STACK_ID_` varchar(64) COLLATE utf8_bin DEFAULT NULL,
  `EXCEPTION_MSG_` varchar(4000) COLLATE utf8_bin DEFAULT NULL,
  `DUEDATE_` timestamp(3) NULL DEFAULT NULL,
  `REPEAT_` varchar(255) COLLATE utf8_bin DEFAULT NULL,
  `HANDLER_TYPE_` varchar(255) COLLATE utf8_bin DEFAULT NULL,
  `HANDLER_CFG_` varchar(4000) COLLATE utf8_bin DEFAULT NULL,
  `CUSTOM_VALUES_ID_` varchar(64) COLLATE utf8_bin DEFAULT NULL,
  `CREATE_TIME_` timestamp(3) NULL DEFAULT NULL,
  `TENANT_ID_` varchar(255) COLLATE utf8_bin DEFAULT '',
  PRIMARY KEY (`ID_`),
  KEY `ACT_IDX_TIMER_JOB_EXCEPTION_STACK_ID` (`EXCEPTION_STACK_ID_`),
  KEY `ACT_IDX_TIMER_JOB_CUSTOM_VALUES_ID` (`CUSTOM_VALUES_ID_`),
  KEY `ACT_IDX_TJOB_SCOPE` (`SCOPE_ID_`,`SCOPE_TYPE_`),
  KEY `ACT_IDX_TJOB_SUB_SCOPE` (`SUB_SCOPE_ID_`,`SCOPE_TYPE_`),
  KEY `ACT_IDX_TJOB_SCOPE_DEF` (`SCOPE_DEFINITION_ID_`,`SCOPE_TYPE_`),
  KEY `ACT_FK_TIMER_JOB_EXECUTION` (`EXECUTION_ID_`),
  KEY `ACT_FK_TIMER_JOB_PROCESS_INSTANCE` (`PROCESS_INSTANCE_ID_`),
  KEY `ACT_FK_TIMER_JOB_PROC_DEF` (`PROC_DEF_ID_`),
  CONSTRAINT `ACT_FK_TIMER_JOB_CUSTOM_VALUES` FOREIGN KEY (`CUSTOM_VALUES_ID_`) REFERENCES `act_ge_bytearray` (`ID_`),
  CONSTRAINT `ACT_FK_TIMER_JOB_EXCEPTION` FOREIGN KEY (`EXCEPTION_STACK_ID_`) REFERENCES `act_ge_bytearray` (`ID_`),
  CONSTRAINT `ACT_FK_TIMER_JOB_EXECUTION` FOREIGN KEY (`EXECUTION_ID_`) REFERENCES `act_ru_execution` (`ID_`),
  CONSTRAINT `ACT_FK_TIMER_JOB_PROCESS_INSTANCE` FOREIGN KEY (`PROCESS_INSTANCE_ID_`) REFERENCES `act_ru_execution` (`ID_`),
  CONSTRAINT `ACT_FK_TIMER_JOB_PROC_DEF` FOREIGN KEY (`PROC_DEF_ID_`) REFERENCES `act_re_procdef` (`ID_`)
) ENGINE=InnoDB DEFAULT CHARSET=utf8 COLLATE=utf8_bin;

-- ----------------------------
-- Records of act_ru_timer_job
-- ----------------------------

-- ----------------------------
-- Table structure for act_ru_variable
-- ----------------------------
DROP TABLE IF EXISTS `act_ru_variable`;
CREATE TABLE `act_ru_variable` (
  `ID_` varchar(64) COLLATE utf8_bin NOT NULL,
  `REV_` int(11) DEFAULT NULL,
  `TYPE_` varchar(255) COLLATE utf8_bin NOT NULL,
  `NAME_` varchar(255) COLLATE utf8_bin NOT NULL,
  `EXECUTION_ID_` varchar(64) COLLATE utf8_bin DEFAULT NULL,
  `PROC_INST_ID_` varchar(64) COLLATE utf8_bin DEFAULT NULL,
  `TASK_ID_` varchar(64) COLLATE utf8_bin DEFAULT NULL,
  `SCOPE_ID_` varchar(255) COLLATE utf8_bin DEFAULT NULL,
  `SUB_SCOPE_ID_` varchar(255) COLLATE utf8_bin DEFAULT NULL,
  `SCOPE_TYPE_` varchar(255) COLLATE utf8_bin DEFAULT NULL,
  `BYTEARRAY_ID_` varchar(64) COLLATE utf8_bin DEFAULT NULL,
  `DOUBLE_` double DEFAULT NULL,
  `LONG_` bigint(20) DEFAULT NULL,
  `TEXT_` varchar(4000) COLLATE utf8_bin DEFAULT NULL,
  `TEXT2_` varchar(4000) COLLATE utf8_bin DEFAULT NULL,
  PRIMARY KEY (`ID_`),
  KEY `ACT_IDX_RU_VAR_SCOPE_ID_TYPE` (`SCOPE_ID_`,`SCOPE_TYPE_`),
  KEY `ACT_IDX_RU_VAR_SUB_ID_TYPE` (`SUB_SCOPE_ID_`,`SCOPE_TYPE_`),
  KEY `ACT_FK_VAR_BYTEARRAY` (`BYTEARRAY_ID_`),
  KEY `ACT_IDX_VARIABLE_TASK_ID` (`TASK_ID_`),
  KEY `ACT_FK_VAR_EXE` (`EXECUTION_ID_`),
  KEY `ACT_FK_VAR_PROCINST` (`PROC_INST_ID_`),
  CONSTRAINT `ACT_FK_VAR_BYTEARRAY` FOREIGN KEY (`BYTEARRAY_ID_`) REFERENCES `act_ge_bytearray` (`ID_`),
  CONSTRAINT `ACT_FK_VAR_EXE` FOREIGN KEY (`EXECUTION_ID_`) REFERENCES `act_ru_execution` (`ID_`),
  CONSTRAINT `ACT_FK_VAR_PROCINST` FOREIGN KEY (`PROC_INST_ID_`) REFERENCES `act_ru_execution` (`ID_`)
) ENGINE=InnoDB DEFAULT CHARSET=utf8 COLLATE=utf8_bin;

-- ----------------------------
-- Records of act_ru_variable
-- ----------------------------
INSERT INTO `act_ru_variable` VALUES ('080fb3890c5d11eabfe2dc8b287b3603', '1', 'integer', 'days', '080ec9270c5d11eabfe2dc8b287b3603', '080ec9270c5d11eabfe2dc8b287b3603', null, null, null, null, null, null, '2', '2', null);
INSERT INTO `act_ru_variable` VALUES ('2498fdd20dd611ea8e38dc8b287b3603', '1', 'integer', 'days', '2497ec600dd611ea8e38dc8b287b3603', '2497ec600dd611ea8e38dc8b287b3603', null, null, null, null, null, null, '1', '1', null);
INSERT INTO `act_ru_variable` VALUES ('2a7ecd080f7311ea9984dc8b287b3603', '1', 'integer', 'days', '2a7e09b60f7311ea9984dc8b287b3603', '2a7e09b60f7311ea9984dc8b287b3603', null, null, null, null, null, null, '1', '1', null);

-- ----------------------------
-- Table structure for tbl_flow_leave
-- ----------------------------
DROP TABLE IF EXISTS `tbl_flow_leave`;
CREATE TABLE `tbl_flow_leave` (
  `id` varchar(255) NOT NULL,
  `process_instance_id` varchar(64) DEFAULT NULL,
  `name` varchar(80) DEFAULT NULL,
  `days` int(11) DEFAULT NULL,
  `start_time` datetime DEFAULT NULL ON UPDATE CURRENT_TIMESTAMP,
  `end_time` datetime DEFAULT NULL ON UPDATE CURRENT_TIMESTAMP,
  PRIMARY KEY (`id`)
) ENGINE=InnoDB DEFAULT CHARSET=utf8;

-- ----------------------------
-- Records of tbl_flow_leave
-- ----------------------------
INSERT INTO `tbl_flow_leave` VALUES ('8a884c236e8e0074016e8e0074e80000', '080ec9270c5d11eabfe2dc8b287b3603', '刘文军', '2', '2019-11-21 20:47:05', '2019-11-22 20:47:05');
INSERT INTO `tbl_flow_leave` VALUES ('8a884c236e97a7f5016e97a7f5e00000', '2497ec600dd611ea8e38dc8b287b3603', '张三', '1', '2019-11-23 00:00:00', '2019-11-23 00:00:00');
INSERT INTO `tbl_flow_leave` VALUES ('8a884c406ea23ac0016ea23ac01e0000', '2a7e09b60f7311ea9984dc8b287b3603', '王五', '1', '2019-11-25 00:00:00', '2019-11-26 00:00:00');
INSERT INTO `tbl_flow_leave` VALUES ('8a884c406ea2ee60016ea2ee60d60000', '932f61e50f8e11ea988cdc8b287b3603', '张三', '2', '2019-11-25 00:00:00', '2019-11-26 00:00:00');

DROP TABLE IF EXISTS `tbl_flow_purchase`;
CREATE TABLE `tbl_flow_purchase` (
  `id` varchar(32) DEFAULT NULL,
  `process_instance_id` varchar(64) DEFAULT NULL,
  `title` varchar(255) DEFAULT NULL,
  `content` varchar(400) DEFAULT NULL,
  `money` varchar(255) DEFAULT NULL,
  `apply_time` datetime DEFAULT NULL ON UPDATE CURRENT_TIMESTAMP
) ENGINE=InnoDB DEFAULT CHARSET=utf8;